TK,ΠΕΡΙΟΧΗ,ΧΩΡΑ,ΠΟΛΗ,ΝΟΜΟΣ
11143,ΑΓ. ΕΛΕΥΘΕΡΙΟΣ,ΕΛΛΑΣ,ΑΘΗΝΑ,ΑΤΤΙΚΗ
12351,ΑΓΙΑ ΒΑΡΒΑΡΑ,ΕΛΛΑΣ,ΑΘΗΝΑ,ΑΤΤΙΚΗ
15341,ΑΓΙΑ ΠΑΡΑΣΚΕΥΗ,ΕΛΛΑΣ,ΑΘΗΝΑ,ΑΤΤΙΚΗ
15342,ΑΓΙΑ ΠΑΡΑΣΚΕΥΗ,ΕΛΛΑΣ,ΑΘΗΝΑ,ΑΤΤΙΚΗ
15343,ΑΓΙΑ ΠΑΡΑΣΚΕΥΗ,ΕΛΛΑΣ,ΑΘΗΝΑ,ΑΤΤΙΚΗ
13561,ΑΓΙΟΙ ΑΝΑΡΓΥΡΟΙ,ΕΛΛΑΣ,ΑΘΗΝΑ,ΑΤΤΙΚΗ
13562,ΑΓΙΟΙ ΑΝΑΡΓΥΡΟΙ,ΕΛΛΑΣ,ΑΘΗΝΑ,ΑΤΤΙΚΗ
57003,ΑΓΙΟΣ ΑΘΑΝΑΣΙΟΣ,ΕΛΛΑΣ,ΘΕΣΣΑΛΟΝΙΚΗ,ΘΕΣΣΑΛΟΝΙΚΗ
17236,ΑΓΙΟΣ ΔΗΜΗΤΡΗΣ,ΕΛΛΑΣ,ΑΘΗΝΑ,ΑΤΤΙΚΗ
17341,ΑΓΙΟΣ ΔΗΜΗΤΡΗΣ,ΕΛΛΑΣ,ΑΘΗΝΑ,ΑΤΤΙΚΗ
17342,ΑΓΙΟΣ ΔΗΜΗΤΡΗΣ,ΕΛΛΑΣ,ΑΘΗΝΑ,ΑΤΤΙΚΗ
17343,ΑΓΙΟΣ ΔΗΜΗΤΡΗΣ,ΕΛΛΑΣ,ΑΘΗΝΑ,ΑΤΤΙΚΗ
18545,ΑΓΙΟΣ ΔΙΟΝΥΣΙΟΣ,ΕΛΛΑΣ,ΠΕΙΡΑΙΑΣ,ΑΤΤΙΚΗ
81500,ΑΓΙΟΣ ΕΥΣΤΡΑΤΙΟΣ,ΕΛΛΑΣ,ΑΓΙΟΣ ΕΥΣΤΡΑΤΙΟΣ,ΛΕΣΒΟΣ
11255,ΑΓΙΟΣ ΛΟΥΚΑΣ,ΕΛΛΑΣ,ΑΘΗΝΑ,ΑΤΤΙΚΗ
18537,ΑΓΙΟΣ ΝΙΚΟΛΑΟΣ,ΕΛΛΑΣ,ΠΕΙΡΑΙΑΣ,ΑΤΤΙΚΗ
11251,ΑΓΙΟΣ ΠΑΝΤΕΛΕΗΜΩΝ,ΕΛΛΑΣ,ΑΘΗΝΑ,ΑΤΤΙΚΗ
55438,ΑΓΙΟΣ ΠΑΥΛΟΣ,ΕΛΛΑΣ,ΘΕΣΣΑΛΟΝΙΚΗ,ΘΕΣΣΑΛΟΝΙΚΗ
14565,ΑΓΙΟΣ ΣΤΕΦΑΝΟΣ,ΕΛΛΑΣ,ΑΘΗΝΑ,ΑΤΤΙΚΗ
12141,ΑΙΓΑΛΕΩ,ΕΛΛΑΣ,ΑΘΗΝΑ,ΑΤΤΙΚΗ
12241,ΑΙΓΑΛΕΩ,ΕΛΛΑΣ,ΑΘΗΝΑ,ΑΤΤΙΚΗ
12242,ΑΙΓΑΛΕΩ,ΕΛΛΑΣ,ΑΘΗΝΑ,ΑΤΤΙΚΗ
12243,ΑΙΓΑΛΕΩ,ΕΛΛΑΣ,ΑΘΗΝΑ,ΑΤΤΙΚΗ
12244,ΑΙΓΑΛΕΩ,ΕΛΛΑΣ,ΑΘΗΝΑ,ΑΤΤΙΚΗ
18010,ΑΙΓΙΝΑ,ΕΛΛΑΣ,ΑΙΓΙΝΑ,ΑΤΤΙΚΗ
30021,ΑΙΤΩΛΟΑΚΑΡΝΑΝΙΑΣ,ΕΛΛΑΣ,ΑΓΙΟΣ ΒΛΑΣΙΟΣ,ΑΙΤΩΛΟΑΚΑΡΝΑΝΙΑ
30027,ΑΙΤΩΛΟΑΚΑΡΝΑΝΙΑΣ,ΕΛΛΑΣ,ΑΓΙΟΣ ΚΩΝΣΤΑΝΤΙΝΟΣ,ΑΙΤΩΛΟΑΚΑΡΝΑΝΙΑ
30100,ΑΙΤΩΛΟΑΚΑΡΝΑΝΙΑΣ,ΕΛΛΑΣ,ΑΓΡΙΝΙΟ,ΑΙΤΩΛΟΑΚΑΡΝΑΝΙΑ
30400,ΑΙΤΩΛΟΑΚΑΡΝΑΝΙΑΣ,ΕΛΛΑΣ,ΑΙΤΩΛΙΚΟ,ΑΙΤΩΛΟΑΚΑΡΝΑΝΙΑ
30018,ΑΙΤΩΛΟΑΚΑΡΝΑΝΙΑΣ,ΕΛΛΑΣ,ΑΜΟΡΓΙΑΝΟΙ,ΑΙΤΩΛΟΑΚΑΡΝΑΝΙΑ
30500,ΑΙΤΩΛΟΑΚΑΡΝΑΝΙΑΣ,ΕΛΛΑΣ,ΑΜΦΙΛΟΧΙΑ,ΑΙΤΩΛΟΑΚΑΡΝΑΝΙΑ
30020,ΑΙΤΩΛΟΑΚΑΡΝΑΝΙΑΣ,ΕΛΛΑΣ,ΑΝΤΙΡΡΙΟ,ΑΙΤΩΛΟΑΚΑΡΝΑΝΙΑ
30023,ΑΙΤΩΛΟΑΚΑΡΝΑΝΙΑΣ,ΕΛΛΑΣ,ΑΝΩ ΧΩΡΑ,ΑΙΤΩΛΟΑΚΑΡΝΑΝΙΑ
30006,ΑΙΤΩΛΟΑΚΑΡΝΑΝΙΑΣ,ΕΛΛΑΣ,ΑΣΤΑΚΟΣ,ΑΙΤΩΛΟΑΚΑΡΝΑΝΙΑ
30002,ΑΙΤΩΛΟΑΚΑΡΝΑΝΙΑΣ,ΕΛΛΑΣ,ΒΟΝΙΤΣΑ,ΑΙΤΩΛΟΑΚΑΡΝΑΝΙΑ
30015,ΑΙΤΩΛΟΑΚΑΡΝΑΝΙΑΣ,ΕΛΛΑΣ,ΓΑΒΑΛΟΥ,ΑΙΤΩΛΟΑΚΑΡΝΑΝΙΑ
30017,ΑΙΤΩΛΟΑΚΑΡΝΑΝΙΑΣ,ΕΛΛΑΣ,ΕΜΠΕΣΟΣ,ΑΙΤΩΛΟΑΚΑΡΝΑΝΙΑ
30014,ΑΙΤΩΛΟΑΚΑΡΝΑΝΙΑΣ,ΕΛΛΑΣ,ΕΥΗΝΟΧΩΡΙ,ΑΙΤΩΛΟΑΚΑΡΝΑΝΙΑ
30214,ΑΙΤΩΛΟΑΚΑΡΝΑΝΙΑΣ,ΕΛΛΑΣ,ΕΥΗΝΟΧΩΡΙ,ΑΙΤΩΛΟΑΚΑΡΝΑΝΙΑ
30008,ΑΙΤΩΛΟΑΚΑΡΝΑΝΙΑΣ,ΕΛΛΑΣ,ΘΕΡΜΟ,ΑΙΤΩΛΟΑΚΑΡΝΑΝΙΑ
30005,ΑΙΤΩΛΟΑΚΑΡΝΑΝΙΑΣ,ΕΛΛΑΣ,ΚΑΙΝΟΥΡΓΙΟ,ΑΙΤΩΛΟΑΚΑΡΝΑΝΙΑ
30004,ΑΙΤΩΛΟΑΚΑΡΝΑΝΙΑΣ,ΕΛΛΑΣ,ΚΑΤΟΥΝΑ,ΑΙΤΩΛΟΑΚΑΡΝΑΝΙΑ
30007,ΑΙΤΩΛΟΑΚΑΡΝΑΝΙΑΣ,ΕΛΛΑΣ,ΚΑΤΟΧΗ,ΑΙΤΩΛΟΑΚΑΡΝΑΝΙΑ
30025,ΑΙΤΩΛΟΑΚΑΡΝΑΝΙΑΣ,ΕΛΛΑΣ,ΚΛΕΠΑ,ΑΙΤΩΛΟΑΚΑΡΝΑΝΙΑ
30011,ΑΙΤΩΛΟΑΚΑΡΝΑΝΙΑΣ,ΕΛΛΑΣ,ΜΑΤΑΡΑΓΚΑ,ΑΙΤΩΛΟΑΚΑΡΝΑΝΙΑ
30016,ΑΙΤΩΛΟΑΚΑΡΝΑΝΙΑΣ,ΕΛΛΑΣ,ΜΕΝΙΔΙ,ΑΙΤΩΛΟΑΚΑΡΝΑΝΙΑ
30200,ΑΙΤΩΛΟΑΚΑΡΝΑΝΙΑΣ,ΕΛΛΑΣ,ΜΕΣΟΛΟΓΓΙ,ΑΙΤΩΛΟΑΚΑΡΝΑΝΙΑ
30013,ΑΙΤΩΛΟΑΚΑΡΝΑΝΙΑΣ,ΕΛΛΑΣ,ΜΟΝΑΣΤΗΡΑΚΙ,ΑΙΤΩΛΟΑΚΑΡΝΑΝΙΑ
30019,ΑΙΤΩΛΟΑΚΑΡΝΑΝΙΑΣ,ΕΛΛΑΣ,ΜΥΤΙΚΑΣ,ΑΙΤΩΛΟΑΚΑΡΝΑΝΙΑ
30300,ΑΙΤΩΛΟΑΚΑΡΝΑΝΙΑΣ,ΕΛΛΑΣ,ΝΑΥΠΑΚΤΟΣ,ΑΙΤΩΛΟΑΚΑΡΝΑΝΙΑ
30001,ΑΙΤΩΛΟΑΚΑΡΝΑΝΙΑΣ,ΕΛΛΑΣ,ΝΕΟΧΩΡΙ,ΑΙΤΩΛΟΑΚΑΡΝΑΝΙΑ
30012,ΑΙΤΩΛΟΑΚΑΡΝΑΝΙΑΣ,ΕΛΛΑΣ,ΠΑΛΑΙΡΟΣ,ΑΙΤΩΛΟΑΚΑΡΝΑΝΙΑ
30003,ΑΙΤΩΛΟΑΚΑΡΝΑΝΙΑΣ,ΕΛΛΑΣ,ΠΑΝΑΙΤΩΛΙΟ,ΑΙΤΩΛΟΑΚΑΡΝΑΝΙΑ
30010,ΑΙΤΩΛΟΑΚΑΡΝΑΝΙΑΣ,ΕΛΛΑΣ,ΠΑΡΑΒΟΛΑ,ΑΙΤΩΛΟΑΚΑΡΝΑΝΙΑ
30022,ΑΙΤΩΛΟΑΚΑΡΝΑΝΙΑΣ,ΕΛΛΑΣ,ΠΛΑΤΑΝΟΣ,ΑΙΤΩΛΟΑΚΑΡΝΑΝΙΑ
30026,ΑΙΤΩΛΟΑΚΑΡΝΑΝΙΑΣ,ΕΛΛΑΣ,ΣΙΜΟΣ,ΑΙΤΩΛΟΑΚΑΡΝΑΝΙΑ
30024,ΑΙΤΩΛΟΑΚΑΡΝΑΝΙΑΣ,ΕΛΛΑΣ,ΤΕΡΨΙΘΕΑ,ΑΙΤΩΛΟΑΚΑΡΝΑΝΙΑ
30009,ΑΙΤΩΛΟΑΚΑΡΝΑΝΙΑΣ,ΕΛΛΑΣ,ΦΥΤΕΙΕΣ,ΑΙΤΩΛΟΑΚΑΡΝΑΝΙΑ
17455,ΑΛΙΜΟΣ,ΕΛΛΑΣ,ΑΘΗΝΑ,ΑΤΤΙΚΗ
17456,ΑΛΙΜΟΣ,ΕΛΛΑΣ,ΑΘΗΝΑ,ΑΤΤΙΚΗ
17655,ΑΛΙΜΟΣ,ΕΛΛΑΣ,ΑΘΗΝΑ,ΑΤΤΙΚΗ
37005,ΑΛΟΝΝΗΣΟΣ,ΕΛΛΑΣ,ΑΛΟΝΝΗΣΟΣ,ΜΑΓΝΗΣΙΑ
84008,ΑΜΟΡΓΟΣ,ΕΛΛΑΣ,ΑΙΓΙΑΛΗ,ΚΥΚΛΑΔΕΣ
84008,ΑΜΟΡΓΟΣ,ΕΛΛΑΣ,ΑΜΟΡΓΟΣ,ΚΥΚΛΑΔΕΣ
84008,ΑΜΟΡΓΟΣ,ΕΛΛΑΣ,ΑΡΚΕΣΙΝΗ,ΚΥΚΛΑΔΕΣ
84008,ΑΜΟΡΓΟΣ,ΕΛΛΑΣ,ΒΡΟΥΤΣΗΣ,ΚΥΚΛΑΔΕΣ
84008,ΑΜΟΡΓΟΣ,ΕΛΛΑΣ,ΓΡΑΜΒΟΥΣΑ,ΚΥΚΛΑΔΕΣ
84008,ΑΜΟΡΓΟΣ,ΕΛΛΑΣ,ΘΟΛΑΡΙΑ,ΚΥΚΛΑΔΕΣ
84008,ΑΜΟΡΓΟΣ,ΕΛΛΑΣ,ΚΑΤΑΠΟΛΑ,ΚΥΚΛΑΔΕΣ
84008,ΑΜΟΡΓΟΣ,ΕΛΛΑΣ,ΚΙΝΑΡΟΣ,ΚΥΚΛΑΔΕΣ
11521,ΑΜΠΕΛΟΚΗΠΟΙ,ΕΛΛΑΣ,ΑΘΗΝΑ,ΑΤΤΙΚΗ
11522,ΑΜΠΕΛΟΚΗΠΟΙ,ΕΛΛΑΣ,ΑΘΗΝΑ,ΑΤΤΙΚΗ
11523,ΑΜΠΕΛΟΚΗΠΟΙ,ΕΛΛΑΣ,ΑΘΗΝΑ,ΑΤΤΙΚΗ
11525,ΑΜΠΕΛΟΚΗΠΟΙ,ΕΛΛΑΣ,ΑΘΗΝΑ,ΑΤΤΙΚΗ
11526,ΑΜΠΕΛΟΚΗΠΟΙ,ΕΛΛΑΣ,ΑΘΗΝΑ,ΑΤΤΙΚΗ
11527,ΑΜΠΕΛΟΚΗΠΟΙ,ΕΛΛΑΣ,ΑΘΗΝΑ,ΑΤΤΙΚΗ
56121,ΑΜΠΕΛΟΚΗΠΟΙ,ΕΛΛΑΣ,ΘΕΣΣΑΛΟΝΙΚΗ,ΘΕΣΣΑΛΟΝΙΚΗ
56122,ΑΜΠΕΛΟΚΗΠΟΙ,ΕΛΛΑΣ,ΘΕΣΣΑΛΟΝΙΚΗ,ΘΕΣΣΑΛΟΝΙΚΗ
56123,ΑΜΠΕΛΟΚΗΠΟΙ,ΕΛΛΑΣ,ΘΕΣΣΑΛΟΝΙΚΗ,ΘΕΣΣΑΛΟΝΙΚΗ
19013,ΑΝΑΒΥΣΣΟΣ,ΕΛΛΑΣ,ΑΝΑΒΥΣΣΟΣ,ΑΤΤΙΚΗ
84009,ΑΝΑΦΗ,ΕΛΛΑΣ,ΑΝΑΦΗ,ΚΥΚΛΑΔΕΣ
84500,ΑΝΔΡΟΣ,ΕΛΛΑΣ,ΑΝΔΡΟΣ,ΚΥΚΛΑΔΕΣ
84501,ΑΝΔΡΟΣ,ΕΛΛΑΣ,ΓΑΥΡΙΟ,ΚΥΚΛΑΔΕΣ
84502,ΑΝΔΡΟΣ,ΕΛΛΑΣ,ΚΟΡΘΙΟ,ΚΥΚΛΑΔΕΣ
14568,ΑΝΟΙΞΗ,ΕΛΛΑΣ,ΑΘΗΝΑ,ΑΤΤΙΚΗ
84007,ΑΝΤΙΠΑΡΟΣ,ΕΛΛΑΣ,ΑΝΤΙΠΑΡΟΣ,ΚΥΚΛΑΔΕΣ
13341,ΑΝΩ ΛΙΟΣΙΑ,ΕΛΛΑΣ,ΑΘΗΝΑ,ΑΤΤΙΚΗ
13342,ΑΝΩ ΛΙΟΣΙΑ,ΕΛΛΑΣ,ΑΘΗΝΑ,ΑΤΤΙΚΗ
54351,ΑΝΩ ΤΟΥΜΠΑ,ΕΛΛΑΣ,ΘΕΣΣΑΛΟΝΙΚΗ,ΘΕΣΣΑΛΟΝΙΚΗ
54352,ΑΝΩ ΤΟΥΜΠΑ,ΕΛΛΑΣ,ΘΕΣΣΑΛΟΝΙΚΗ,ΘΕΣΣΑΛΟΝΙΚΗ
21055,ΑΡΓΟΛΙΔΑΣ,ΕΛΛΑΣ,ΑΓΙΑ ΤΡΙΑΔΑ ΑΡΓΟΛΙΔ.,ΑΡΓΟΛΙΔΑ
21200,ΑΡΓΟΛΙΔΑΣ,ΕΛΛΑΣ,ΑΡΓΟΣ,ΑΡΓΟΛΙΔΑ
21057,ΑΡΓΟΛΙΔΑΣ,ΕΛΛΑΣ,ΑΧΛΑΔΟΚΑΜΠΟΣ,ΑΡΓΟΛΙΔΑ
21060,ΑΡΓΟΛΙΔΑΣ,ΕΛΛΑΣ,ΔΡΕΠΑΝΟ,ΑΡΓΟΛΙΔΑ
21051,ΑΡΓΟΛΙΔΑΣ,ΕΛΛΑΣ,ΕΡΜΙΟΝΗ,ΑΡΓΟΛΙΔΑ
21300,ΑΡΓΟΛΙΔΑΣ,ΕΛΛΑΣ,ΚΟΙΛΑΔΑ,ΑΡΓΟΛΙΔΑ
21300,ΑΡΓΟΛΙΔΑΣ,ΕΛΛΑΣ,ΚΡΑΝΙΔΙ,ΑΡΓΟΛΙΔΑ
21052,ΑΡΓΟΛΙΔΑΣ,ΕΛΛΑΣ,ΛΥΓΟΥΡΙΟ,ΑΡΓΟΛΙΔΑ
21058,ΑΡΓΟΛΙΔΑΣ,ΕΛΛΑΣ,ΛΥΡΚΕΙΑ,ΑΡΓΟΛΙΔΑ
21100,ΑΡΓΟΛΙΔΑΣ,ΕΛΛΑΣ,ΝΑΥΠΛΙΟ,ΑΡΓΟΛΙΔΑ
21200,ΑΡΓΟΛΙΔΑΣ,ΕΛΛΑΣ,ΝΑΥΠΛΙΟ,ΑΡΓΟΛΙΔΑ
21054,ΑΡΓΟΛΙΔΑΣ,ΕΛΛΑΣ,ΝΕΑ ΕΠΙΔΑΥΡΟΣ,ΑΡΓΟΛΙΔΑ
21053,ΑΡΓΟΛΙΔΑΣ,ΕΛΛΑΣ,ΝΕΑ ΚΙΟΣ,ΑΡΓΟΛΙΔΑ
20500,ΑΡΓΟΛΙΔΑΣ,ΕΛΛΑΣ,ΝΕΜΕΑ,ΑΡΓΟΛΙΔΑ
21059,ΑΡΓΟΛΙΔΑΣ,ΕΛΛΑΣ,ΠΑΛΑΙΑ ΕΠΙΔΑΥΡΟΣ,ΑΡΓΟΛΙΔΑ
16450,ΑΡΓΥΡΟΥΠΟΛΗ,ΕΛΛΑΣ,ΑΘΗΝΑ,ΑΤΤΙΚΗ
16451,ΑΡΓΥΡΟΥΠΟΛΗ,ΕΛΛΑΣ,ΑΘΗΝΑ,ΑΤΤΙΚΗ
16452,ΑΡΓΥΡΟΥΠΟΛΗ,ΕΛΛΑΣ,ΑΘΗΝΑ,ΑΤΤΙΚΗ
22006,ΑΡΚΑΔΙΑΣ,ΕΛΛΑΣ,ΑΓΙΟΣ ΑΝΔΡΕΑΣ,ΑΡΚΑΔΙΑ
22009,ΑΡΚΑΔΙΑΣ,ΕΛΛΑΣ,ΑΓΙΟΣ ΠΕΤΡΟΣ,ΑΡΚΑΔΙΑ
22001,ΑΡΚΑΔΙΑΣ,ΕΛΛΑΣ,ΑΣΤΡΟΣ,ΑΡΚΑΔΙΑ
22014,ΑΡΚΑΔΙΑΣ,ΕΛΛΑΣ,ΒΑΛΤΕΣΙΝΙΚΟ,ΑΡΚΑΔΙΑ
22016,ΑΡΚΑΔΙΑΣ,ΕΛΛΑΣ,ΒΛΑΧΟΚΕΡΑΣΙΑ,ΑΡΚΑΔΙΑ
22010,ΑΡΚΑΔΙΑΣ,ΕΛΛΑΣ,ΒΥΤΙΝΑ,ΑΡΚΑΔΙΑ
22017,ΑΡΚΑΔΙΑΣ,ΕΛΛΑΣ,ΔΑΡΑΣ,ΑΡΚΑΔΙΑ
22007,ΑΡΚΑΔΙΑΣ,ΕΛΛΑΣ,ΔΗΜΗΤΣΑΝΑ,ΑΡΚΑΔΙΑ
22018,ΑΡΚΑΔΙΑΣ,ΕΛΛΑΣ,ΕΛΑΙΟΧΩΡΙ,ΑΡΚΑΔΙΑ
22025,ΑΡΚΑΔΙΑΣ,ΕΛΛΑΣ,ΙΣΑΡΗΣ,ΑΡΚΑΔΙΑ
22004,ΑΡΚΑΔΙΑΣ,ΕΛΛΑΣ,ΚΑΝΔΗΛΑ,ΑΡΚΑΔΙΑ
22022,ΑΡΚΑΔΙΑΣ,ΕΛΛΑΣ,ΚΑΡΙΤΑΙΝΑ,ΑΡΚΑΔΙΑ
22013,ΑΡΚΑΔΙΑΣ,ΕΛΛΑΣ,ΚΑΣΤΡΙ,ΑΡΚΑΔΙΑ
22027,ΑΡΚΑΔΙΑΣ,ΕΛΛΑΣ,ΚΑΤΩ ΑΣΕΑ,ΑΡΚΑΔΙΑ
22011,ΑΡΚΑΔΙΑΣ,ΕΛΛΑΣ,ΚΟΛΛΙΝΕΣ,ΑΡΚΑΔΙΑ
22015,ΑΡΚΑΔΙΑΣ,ΕΛΛΑΣ,ΚΟΝΤΟΒΑΖΑΙΝΑ,ΑΡΚΑΔΙΑ
22020,ΑΡΚΑΔΙΑΣ,ΕΛΛΑΣ,ΚΟΣΜΑΣ,ΑΡΚΑΔΙΑ
22003,ΑΡΚΑΔΙΑΣ,ΕΛΛΑΣ,ΛΑΓΚΑΔΙΑ,ΑΡΚΑΔΙΑ
22002,ΑΡΚΑΔΙΑΣ,ΕΛΛΑΣ,ΛΕΒΙΔΙ,ΑΡΚΑΔΙΑ
22021,ΑΡΚΑΔΙΑΣ,ΕΛΛΑΣ,ΛΕΟΝΤΑΡΙ,ΑΡΚΑΔΙΑ
22300,ΑΡΚΑΔΙΑΣ,ΕΛΛΑΣ,ΛΕΩΝΙΔΙΟ,ΑΡΚΑΔΙΑ
22026,ΑΡΚΑΔΙΑΣ,ΕΛΛΑΣ,ΜΑΓΟΥΛΙΑΝΑ,ΑΡΚΑΔΙΑ
22200,ΑΡΚΑΔΙΑΣ,ΕΛΛΑΣ,ΜΕΓΑΛΟΠΟΛΗ,ΑΡΚΑΔΙΑ
22005,ΑΡΚΑΔΙΑΣ,ΕΛΛΑΣ,ΝΕΣΤΑΝΗ,ΑΡΚΑΔΙΑ
22028,ΑΡΚΑΔΙΑΣ,ΕΛΛΑΣ,ΠΑΛΟΥΜΠΑ,ΑΡΚΑΔΙΑ
22019,ΑΡΚΑΔΙΑΣ,ΕΛΛΑΣ,ΠΑΡΑΛΙΟ ΑΣΤΡΟΣ,ΑΡΚΑΔΙΑ
22012,ΑΡΚΑΔΙΑΣ,ΕΛΛΑΣ,ΣΤΑΔΙΟ,ΑΡΚΑΔΙΑ
22024,ΑΡΚΑΔΙΑΣ,ΕΛΛΑΣ,ΣΤΕΜΝΙΤΣΑ,ΑΡΚΑΔΙΑ
22100,ΑΡΚΑΔΙΑΣ,ΕΛΛΑΣ,ΤΡΙΠΟΛΗ,ΑΡΚΑΔΙΑ
22008,ΑΡΚΑΔΙΑΣ,ΕΛΛΑΣ,ΤΡΟΠΑΙΑ,ΑΡΚΑΔΙΑ
47043,ΑΡΤΑΣ,ΕΛΛΑΣ,ΑΓΝΑΝΤΑ,ΑΡΤΑ
47044,ΑΡΤΑΣ,ΕΛΛΑΣ,ΑΝΩ ΚΑΛΕΝΤΙΝΗ,ΑΡΤΑ
47100,ΑΡΤΑΣ,ΕΛΛΑΣ,ΑΡΤΑ,ΑΡΤΑ
47045,ΑΡΤΑΣ,ΕΛΛΑΣ,ΒΟΥΡΓΑΡΕΛΙ,ΑΡΤΑ
47048,ΑΡΤΑΣ,ΕΛΛΑΣ,ΔΗΜΑΡΙ,ΑΡΤΑ
47040,ΑΡΤΑΣ,ΕΛΛΑΣ,ΚΟΜΠΟΤΙ,ΑΡΤΑ
47047,ΑΡΤΑΣ,ΕΛΛΑΣ,ΜΗΛΙΑΝΑ,ΑΡΤΑ
47041,ΑΡΤΑΣ,ΕΛΛΑΣ,ΝΕΟΧΩΡΙ ΑΡΤΑΣ,ΑΡΤΑ
47200,ΑΡΤΑΣ,ΕΛΛΑΣ,ΠΕΤΑ,ΑΡΤΑ
47046,ΑΡΤΑΣ,ΕΛΛΑΣ,ΡΟΔΑΥΓΗ,ΑΡΤΑ
47042,ΑΡΤΑΣ,ΕΛΛΑΣ,ΦΙΛΟΘΕΗ,ΑΡΤΑ
19016,ΑΡΤΕΜΙΣ,ΕΛΛΑΣ,ΑΡΤΕΜΙΣ,ΑΤΤΙΚΗ
57010,ΑΣΒΕΣΤΟΧΩΡΙ,ΕΛΛΑΣ,ΘΕΣΣΑΛΟΝΙΚΗ,ΘΕΣΣΑΛΟΝΙΚΗ
57016,ΑΣΚΟΣ,ΕΛΛΑΣ,ΘΕΣΣΑΛΟΝΙΚΗ,ΘΕΣΣΑΛΟΝΙΚΗ
57021,ΑΣΠΡΟΒΑΛΤΑ,ΕΛΛΑΣ,ΘΕΣΣΑΛΟΝΙΚΗ,ΘΕΣΣΑΛΟΝΙΚΗ
54500,ΑΣΠΡΟΒΡΥΣΗ,ΕΛΛΑΣ,ΘΕΣΣΑΛΟΝΙΚΗ,ΘΕΣΣΑΛΟΝΙΚΗ
19300,ΑΣΠΡΟΠΥΡΓΟΣ,ΕΛΛΑΣ,ΑΣΠΡΟΠΥΡΓΟΣ,ΑΤΤΙΚΗ
85900,ΑΣΤΥΠΑΛΑΙΑ,ΕΛΛΑΣ,ΑΣΤΥΠΑΛΑΙΑ,ΔΩΔΕΚΑΝΗΣΑ
19011,ΑΥΛΩΝΑ,ΕΛΛΑΣ,ΑΥΛΩΝΑ,ΑΤΤΙΚΗ
25010,ΑΧΑΪΑΣ,ΕΛΛΑΣ,ΑΙΓΕΙΡΑ,ΑΧΑΪΑ
25100,ΑΧΑΪΑΣ,ΕΛΛΑΣ,ΑΙΓΙΟ,ΑΧΑΪΑ
25006,ΑΧΑΪΑΣ,ΕΛΛΑΣ,ΑΚΡΑΤΑ,ΑΧΑΪΑ
25016,ΑΧΑΪΑΣ,ΕΛΛΑΣ,ΑΡΟΑΝΙΑ,ΑΧΑΪΑ
25002,ΑΧΑΪΑΣ,ΕΛΛΑΣ,ΒΡΑΧΝΑΙΙΚΑ,ΑΧΑΪΑ
25004,ΑΧΑΪΑΣ,ΕΛΛΑΣ,ΔΑΦΝΗ,ΑΧΑΪΑ
25003,ΑΧΑΪΑΣ,ΕΛΛΑΣ,ΔΙΑΚΟΠΤΟ,ΑΧΑΪΑ
25015,ΑΧΑΪΑΣ,ΕΛΛΑΣ,ΕΡΥΜΑΝΘΕΙΑ,ΑΧΑΪΑ
25001,ΑΧΑΪΑΣ,ΕΛΛΑΣ,ΚΑΛΑΒΡΥΤΑ,ΑΧΑΪΑ
25009,ΑΧΑΪΑΣ,ΕΛΛΑΣ,ΚΑΜΑΡΕΣ,ΑΧΑΪΑ
25200,ΑΧΑΪΑΣ,ΕΛΛΑΣ,ΚΑΤΩ ΑΧΑΪΑ,ΑΧΑΪΑ
25017,ΑΧΑΪΑΣ,ΕΛΛΑΣ,ΚΕΡΠΙΝΗ,ΑΧΑΪΑ
25011,ΑΧΑΪΑΣ,ΕΛΛΑΣ,ΚΕΡΤΕΖΗ,ΑΧΑΪΑ
25007,ΑΧΑΪΑΣ,ΕΛΛΑΣ,ΚΛΕΙΤΟΡΙΑ,ΑΧΑΪΑ
25012,ΑΧΑΪΑΣ,ΕΛΛΑΣ,ΛΙΒΑΡΤΖΙ,ΑΧΑΪΑ
25013,ΑΧΑΪΑΣ,ΕΛΛΑΣ,ΜΑΝΕΣΙ,ΑΧΑΪΑ
25018,ΑΧΑΪΑΣ,ΕΛΛΑΣ,ΠΑΤΡΑ,ΑΧΑΪΑ
26221,ΑΧΑΪΑΣ,ΕΛΛΑΣ,ΠΑΤΡΑ,ΑΧΑΪΑ
26222,ΑΧΑΪΑΣ,ΕΛΛΑΣ,ΠΑΤΡΑ,ΑΧΑΪΑ
26223,ΑΧΑΪΑΣ,ΕΛΛΑΣ,ΠΑΤΡΑ,ΑΧΑΪΑ
26224,ΑΧΑΪΑΣ,ΕΛΛΑΣ,ΠΑΤΡΑ,ΑΧΑΪΑ
26225,ΑΧΑΪΑΣ,ΕΛΛΑΣ,ΠΑΤΡΑ,ΑΧΑΪΑ
26226,ΑΧΑΪΑΣ,ΕΛΛΑΣ,ΠΑΤΡΑ,ΑΧΑΪΑ
26234,ΑΧΑΪΑΣ,ΕΛΛΑΣ,ΠΑΤΡΑ,ΑΧΑΪΑ
26331,ΑΧΑΪΑΣ,ΕΛΛΑΣ,ΠΑΤΡΑ,ΑΧΑΪΑ
26332,ΑΧΑΪΑΣ,ΕΛΛΑΣ,ΠΑΤΡΑ,ΑΧΑΪΑ
26333,ΑΧΑΪΑΣ,ΕΛΛΑΣ,ΠΑΤΡΑ,ΑΧΑΪΑ
26334,ΑΧΑΪΑΣ,ΕΛΛΑΣ,ΠΑΤΡΑ,ΑΧΑΪΑ
26335,ΑΧΑΪΑΣ,ΕΛΛΑΣ,ΠΑΤΡΑ,ΑΧΑΪΑ
26441,ΑΧΑΪΑΣ,ΕΛΛΑΣ,ΠΑΤΡΑ,ΑΧΑΪΑ
26442,ΑΧΑΪΑΣ,ΕΛΛΑΣ,ΠΑΤΡΑ,ΑΧΑΪΑ
26443,ΑΧΑΪΑΣ,ΕΛΛΑΣ,ΠΑΤΡΑ,ΑΧΑΪΑ
26444,ΑΧΑΪΑΣ,ΕΛΛΑΣ,ΠΑΤΡΑ,ΑΧΑΪΑ
26504,ΑΧΑΪΑΣ,ΕΛΛΑΣ,ΠΑΤΡΑ,ΑΧΑΪΑ
25014,ΑΧΑΪΑΣ,ΕΛΛΑΣ,ΠΛΑΤΑΝΟΣ,ΑΧΑΪΑ
26500,ΑΧΑΪΑΣ,ΕΛΛΑΣ,ΡΙΟ,ΑΧΑΪΑ
25005,ΑΧΑΪΑΣ,ΕΛΛΑΣ,ΣΑΓΑΙΙΚΑ,ΑΧΑΪΑ
25008,ΑΧΑΪΑΣ,ΕΛΛΑΣ,ΧΑΛΑΝΔΡΙΤΣΑ,ΑΧΑΪΑ
13671,ΑΧΑΡΝΕΣ,ΕΛΛΑΣ,ΑΘΗΝΑ,ΑΤΤΙΚΗ
13672,ΑΧΑΡΝΕΣ,ΕΛΛΑΣ,ΑΘΗΝΑ,ΑΤΤΙΚΗ
13673,ΑΧΑΡΝΕΣ,ΕΛΛΑΣ,ΑΘΗΝΑ,ΑΤΤΙΚΗ
13674,ΑΧΑΡΝΕΣ,ΕΛΛΑΣ,ΑΘΗΝΑ,ΑΤΤΙΚΗ
13675,ΑΧΑΡΝΕΣ,ΕΛΛΑΣ,ΑΘΗΝΑ,ΑΤΤΙΚΗ
13676,ΑΧΑΡΝΕΣ,ΕΛΛΑΣ,ΑΘΗΝΑ,ΑΤΤΙΚΗ
13677,ΑΧΑΡΝΕΣ,ΕΛΛΑΣ,ΑΘΗΝΑ,ΑΤΤΙΚΗ
54629,ΒΑΡΔΑΡΗΣ,ΕΛΛΑΣ,ΘΕΣΣΑΛΟΝΙΚΗ,ΘΕΣΣΑΛΟΝΙΚΗ
16672,ΒΑΡΗ,ΕΛΛΑΣ,ΑΘΗΝΑ,ΑΤΤΙΚΗ
19012,ΒΙΛΙΑ,ΕΛΛΑΣ,ΒΙΛΙΑ,ΒΟΙΩΤΙΑ
32007,ΒΟΙΩΤΙΑΣ,ΕΛΛΑΣ,ΑΓΙΟΣ ΓΕΩΡΓΙΟΣ,ΒΟΙΩΤΙΑ
32001,ΒΟΙΩΤΙΑΣ,ΕΛΛΑΣ,ΑΛΙΑΡΤΟΣ,ΒΟΙΩΤΙΑ
32012,ΒΟΙΩΤΙΑΣ,ΕΛΛΑΣ,ΑΝΤΙΚΥΡΑ,ΒΟΙΩΤΙΑ
32004,ΒΟΙΩΤΙΑΣ,ΕΛΛΑΣ,ΑΡΑΧΩΒΑ,ΒΟΙΩΤΙΑ
32002,ΒΟΙΩΤΙΑΣ,ΕΛΛΑΣ,ΒΑΓΙΑ,ΒΟΙΩΤΙΑ
32008,ΒΟΙΩΤΙΑΣ,ΕΛΛΑΣ,ΔΑΥΛΕΙΑ,ΒΟΙΩΤΙΑ
32005,ΒΟΙΩΤΙΑΣ,ΕΛΛΑΣ,ΔΙΣΤΟΜΟ,ΒΟΙΩΤΙΑ
32010,ΒΟΙΩΤΙΑΣ,ΕΛΛΑΣ,ΔΟΜΒΡΑΙΝΑ,ΒΟΙΩΤΙΑ
32200,ΒΟΙΩΤΙΑΣ,ΕΛΛΑΣ,ΘΗΒΑ,ΒΟΙΩΤΙΑ
32006,ΒΟΙΩΤΙΑΣ,ΕΛΛΑΣ,ΚΥΡΙΑΚΙ,ΒΟΙΩΤΙΑ
32100,ΒΟΙΩΤΙΑΣ,ΕΛΛΑΣ,ΛΕΙΒΑΔΙΑ,ΒΟΙΩΤΙΑ
32011,ΒΟΙΩΤΙΑΣ,ΕΛΛΑΣ,ΟΙΝΟΦΥΤΑ,ΒΟΙΩΤΙΑ
32300,ΒΟΙΩΤΙΑΣ,ΕΛΛΑΣ,ΟΡΧΟΜΕΝΟΣ,ΒΟΙΩΤΙΑ
32003,ΒΟΙΩΤΙΑΣ,ΕΛΛΑΣ,ΠΑΡΑΛΙΑ ΔΙΣΤΟΜΟΥ,ΒΟΙΩΤΙΑ
32009,ΒΟΙΩΤΙΑΣ,ΕΛΛΑΣ,ΣΧΗΜΑΤΑΡΙ,ΒΟΙΩΤΙΑ
16673,ΒΟΥΛΑ,ΕΛΛΑΣ,ΑΘΗΝΑ,ΑΤΤΙΚΗ
16671,ΒΟΥΛΙΑΓΜΕΝΗ,ΕΛΛΑΣ,ΑΘΗΝΑ,ΑΤΤΙΚΗ
15235,ΒΡΙΛΗΣΙΑ,ΕΛΛΑΣ,ΑΘΗΝΑ,ΑΤΤΙΚΗ
16231,ΒΥΡΩΝΑΣ,ΕΛΛΑΣ,ΑΘΗΝΑ,ΑΤΤΙΚΗ
16232,ΒΥΡΩΝΑΣ,ΕΛΛΑΣ,ΑΘΗΝΑ,ΑΤΤΙΚΗ
16233,ΒΥΡΩΝΑΣ,ΕΛΛΑΣ,ΑΘΗΝΑ,ΑΤΤΙΚΗ
11146,ΓΑΛΑΤΣΙ,ΕΛΛΑΣ,ΑΘΗΝΑ,ΑΤΤΙΚΗ
11147,ΓΑΛΑΤΣΙ,ΕΛΛΑΣ,ΑΘΗΝΑ,ΑΤΤΙΚΗ
15344,ΓΕΡΑΚΑΣ,ΕΛΛΑΣ,ΓΕΡΑΚΑΣ,ΑΤΤΙΚΗ
57011,ΓΕΦΥΡΑ,ΕΛΛΑΣ,ΘΕΣΣΑΛΟΝΙΚΗ,ΘΕΣΣΑΛΟΝΙΚΗ
11473,ΓΚΥΖΗ,ΕΛΛΑΣ,ΑΘΗΝΑ,ΑΤΤΙΚΗ
11474,ΓΚΥΖΗ,ΕΛΛΑΣ,ΑΘΗΝΑ,ΑΤΤΙΚΗ
11475,ΓΚΥΖΗ,ΕΛΛΑΣ,ΑΘΗΝΑ,ΑΤΤΙΚΗ
15344,ΓΛΥΚΑ ΝΕΡΑ,ΕΛΛΑΣ,ΓΛΥΚΑ ΝΕΡΑ,ΑΤΤΙΚΗ
15354,ΓΛΥΚΑ ΝΕΡΑ,ΕΛΛΑΣ,ΓΛΥΚΑ ΝΕΡΑ,ΑΤΤΙΚΗ
16561,ΓΛΥΦΑΔΑ,ΕΛΛΑΣ,ΑΘΗΝΑ,ΑΤΤΙΚΗ
16562,ΓΛΥΦΑΔΑ,ΕΛΛΑΣ,ΑΘΗΝΑ,ΑΤΤΙΚΗ
16674,ΓΛΥΦΑΔΑ,ΕΛΛΑΣ,ΑΘΗΝΑ,ΑΤΤΙΚΗ
16675,ΓΛΥΦΑΔΑ,ΕΛΛΑΣ,ΑΘΗΝΑ,ΑΤΤΙΚΗ
51030,ΓΡΕΒΕΝΩΝ,ΕΛΛΑΣ,ΑΓΙΟΣ ΓΕΩΡΓΙΟΣ,ΓΡΕΒΕΝΑ
51100,ΓΡΕΒΕΝΩΝ,ΕΛΛΑΣ,ΓΡΕΒΕΝΑ,ΓΡΕΒΕΝΑ
51200,ΓΡΕΒΕΝΩΝ,ΕΛΛΑΣ,ΔΕΣΚΑΤΗ,ΓΡΕΒΕΝΑ
51031,ΓΡΕΒΕΝΩΝ,ΕΛΛΑΣ,ΚΗΠΟΥΡΕΙΟ,ΓΡΕΒΕΝΑ
51032,ΓΡΕΒΕΝΩΝ,ΕΛΛΑΣ,ΠΟΛΥΝΕΡΙ,ΓΡΕΒΕΝΑ
17234,ΔΑΦΝΗ,ΕΛΛΑΣ,ΑΘΗΝΑ,ΑΤΤΙΚΗ
17235,ΔΑΦΝΗ,ΕΛΛΑΣ,ΑΘΗΝΑ,ΑΤΤΙΚΗ
17237,ΔΑΦΝΗ,ΕΛΛΑΣ,ΑΘΗΝΑ,ΑΤΤΙΚΗ
54500,ΔΕΡΒΕΝΙ,ΕΛΛΑΣ,ΘΕΣΣΑΛΟΝΙΚΗ,ΘΕΣΣΑΛΟΝΙΚΗ
54621,ΔΙΑΓΩΝΙΟΣ,ΕΛΛΑΣ,ΘΕΣΣΑΛΟΝΙΚΗ,ΘΕΣΣΑΛΟΝΙΚΗ
14576,ΔΙΟΝΥΣΟΣ,ΕΛΛΑΣ,ΑΘΗΝΑ,ΑΤΤΙΚΗ
66300,ΔΡΑΜΑΣ,ΕΛΛΑΣ,ΔΟΞΑΤΟ,ΔΡΑΜΑ
66100,ΔΡΑΜΑΣ,ΕΛΛΑΣ,ΔΡΑΜΑ,ΔΡΑΜΑ
66031,ΔΡΑΜΑΣ,ΕΛΛΑΣ,ΚΑΛΑΜΠΑΚΙ,ΔΡΑΜΑ
66033,ΔΡΑΜΑΣ,ΕΛΛΑΣ,ΚΑΤΩ ΝΕΥΡΟΚΟΠΙ,ΔΡΑΜΑ
66032,ΔΡΑΜΑΣ,ΕΛΛΑΣ,ΚΥΡΙΑ,ΔΡΑΜΑ
66036,ΔΡΑΜΑΣ,ΕΛΛΑΣ,ΜΙΚΡΟΠΟΛΗ,ΔΡΑΜΑ
66037,ΔΡΑΜΑΣ,ΕΛΛΑΣ,ΝΙΚΗΦΟΡΟΣ,ΔΡΑΜΑ
66035,ΔΡΑΜΑΣ,ΕΛΛΑΣ,ΠΑΡΑΝΕΣΤΙ,ΔΡΑΜΑ
66200,ΔΡΑΜΑΣ,ΕΛΛΑΣ,ΠΡΟΣΟΤΣΑΝΗ,ΔΡΑΜΑ
66038,ΔΡΑΜΑΣ,ΕΛΛΑΣ,ΣΙΔΗΡΟΝΕΡΟ,ΔΡΑΜΑ
66034,ΔΡΑΜΑΣ,ΕΛΛΑΣ,ΦΩΤΟΛΙΒΟΣ,ΔΡΑΜΑ
18648,ΔΡΑΠΕΤΣΩΝΑ,ΕΛΛΑΣ,ΠΕΙΡΑΙΑΣ,ΑΤΤΙΚΗ
14572,ΔΡΟΣΙΑ,ΕΛΛΑΣ,ΑΘΗΝΑ,ΑΤΤΙΚΗ
54500,ΔΡΥΜΟΣ,ΕΛΛΑΣ,ΘΕΣΣΑΛΟΝΙΚΗ,ΘΕΣΣΑΛΟΝΙΚΗ
68011,ΕΒΡΟΥ,ΕΛΛΑΣ,ΑΙΣΥΜΗ,ΕΒΡΟΣ
68100,ΕΒΡΟΥ,ΕΛΛΑΣ,ΑΛΕΞΑΝΔΡΟΥΠΟΛΗ,ΕΒΡΟΣ
68012,ΕΒΡΟΥ,ΕΛΛΑΣ,ΓΕΦΥΡΑ ΚΗΠΩΝ,ΕΒΡΟΣ
68300,ΕΒΡΟΥ,ΕΛΛΑΣ,ΔΙΔΥΜΟΤΕΙΧΟ,ΕΒΡΟΣ
68007,ΕΒΡΟΥ,ΕΛΛΑΣ,ΔΙΚΑΙΑ,ΕΒΡΟΣ
68008,ΕΒΡΟΥ,ΕΛΛΑΣ,ΚΑΣΤΑΝΙΕΣ ΕΒΡΟΥ,ΕΒΡΟΣ
68006,ΕΒΡΟΥ,ΕΛΛΑΣ,ΚΥΠΡΙΝΟΣ,ΕΒΡΟΣ
68004,ΕΒΡΟΥ,ΕΛΛΑΣ,ΛΑΒΑΡΑ,ΕΒΡΟΣ
68010,ΕΒΡΟΥ,ΕΛΛΑΣ,ΜΕΤΑΞΑΔΕΣ,ΕΒΡΟΣ
68005,ΕΒΡΟΥ,ΕΛΛΑΣ,ΜΙΚΡΟ ΔΕΡΕΙΟ,ΕΒΡΟΣ
68001,ΕΒΡΟΥ,ΕΛΛΑΣ,ΝΕΑ ΒΥΣΣΑ,ΕΒΡΟΣ
68200,ΕΒΡΟΥ,ΕΛΛΑΣ,ΟΡΕΣΤΙΑΔΑ,ΕΒΡΟΣ
68013,ΕΒΡΟΥ,ΕΛΛΑΣ,ΠΕΠΛΟΣ,ΕΒΡΟΣ
68014,ΕΒΡΟΥ,ΕΛΛΑΣ,ΡΙΖΙΑ,ΕΒΡΟΣ
68009,ΕΒΡΟΥ,ΕΛΛΑΣ,Σ. Σ. ΠΥΘΙΟΥ,ΕΒΡΟΣ
68002,ΕΒΡΟΥ,ΕΛΛΑΣ,ΣΑΜΟΘΡΑΚΗ,ΕΒΡΟΣ
69300,ΕΒΡΟΥ,ΕΛΛΑΣ,ΣΑΠΕΣ,ΕΒΡΟΣ
68400,ΕΒΡΟΥ,ΕΛΛΑΣ,ΣΟΥΦΛΙ,ΕΒΡΟΣ
68003,ΕΒΡΟΥ,ΕΛΛΑΣ,ΤΥΧΕΡΟ,ΕΒΡΟΣ
68500,ΕΒΡΟΥ,ΕΛΛΑΣ,ΦΕΡΕΣ,ΕΒΡΟΣ
14578,ΕΚΑΛΗ,ΕΛΛΑΣ,ΑΘΗΝΑ,ΑΤΤΙΚΗ
56334,ΕΛΕΥΘΕΡΙΟ,ΕΛΛΑΣ,ΘΕΣΣΑΛΟΝΙΚΗ,ΘΕΣΣΑΛΟΝΙΚΗ
19200,ΕΛΕΥΣΙΝΑ,ΕΛΛΑΣ,ΕΛΕΥΣΙΝΑ,ΑΤΤΙΚΗ
54500,ΕΛΙΑ,ΕΛΛΑΣ,ΘΕΣΣΑΛΟΝΙΚΗ,ΘΕΣΣΑΛΟΝΙΚΗ
16777,ΕΛΛΗΝΙΚΟ,ΕΛΛΑΣ,ΑΘΗΝΑ,ΑΤΤΙΚΗ
10680,ΕΞΑΡΧΕΙΑ,ΕΛΛΑΣ,ΑΘΗΝΑ,ΑΤΤΙΚΗ
10681,ΕΞΑΡΧΕΙΑ,ΕΛΛΑΣ,ΑΘΗΝΑ,ΑΤΤΙΚΗ
10682,ΕΞΑΡΧΕΙΑ,ΕΛΛΑΣ,ΑΘΗΝΑ,ΑΤΤΙΚΗ
10683,ΕΞΑΡΧΕΙΑ,ΕΛΛΑΣ,ΑΘΗΝΑ,ΑΤΤΙΚΗ
57500,ΕΠΑΝΟΜΗ,ΕΛΛΑΣ,ΘΕΣΣΑΛΟΝΙΚΗ,ΘΕΣΣΑΛΟΝΙΚΗ
19008,ΕΡΥΘΡΕΣ,ΕΛΛΑΣ,ΕΡΥΘΡΕΣ,ΑΤΤΙΚΗ
18532,ΕΥΑΓΓΕΛΙΣΤΡΙΑ,ΕΛΛΑΣ,ΠΕΙΡΑΙΑΣ,ΑΤΤΙΚΗ
34010,ΕΥΒΟΙΑΣ,ΕΛΛΑΣ,ΑΓΙΑ ΑΝΝΑ,ΕΥΒΟΙΑ
34003,ΕΥΒΟΙΑΣ,ΕΛΛΑΣ,ΑΛΙΒΕΡΙ,ΕΥΒΟΙΑ
34500,ΕΥΒΟΙΑΣ,ΕΛΛΑΣ,ΑΛΙΒΕΡΙ,ΕΥΒΟΙΑ
34006,ΕΥΒΟΙΑΣ,ΕΛΛΑΣ,ΑΜΑΡΥΝΘΟΣ,ΕΥΒΟΙΑ
34009,ΕΥΒΟΙΑΣ,ΕΛΛΑΣ,ΑΥΛΩΝΑΡΙ,ΕΥΒΟΙΑ
34002,ΕΥΒΟΙΑΣ,ΕΛΛΑΣ,ΒΑΣΙΛΙΚΟ,ΕΥΒΟΙΑ
34008,ΕΥΒΟΙΑΣ,ΕΛΛΑΣ,ΕΡΕΤΡΙΑ,ΕΥΒΟΙΑ
34200,ΕΥΒΟΙΑΣ,ΕΛΛΑΣ,ΙΣΤΙΑΙΑ,ΕΥΒΟΙΑ
34018,ΕΥΒΟΙΑΣ,ΕΛΛΑΣ,ΚΑΘΕΝΟΙ,ΕΥΒΟΙΑ
34019,ΕΥΒΟΙΑΣ,ΕΛΛΑΣ,ΚΑΛΗΜΕΡΙΑΝΟΙ,ΕΥΒΟΙΑ
34001,ΕΥΒΟΙΑΣ,ΕΛΛΑΣ,ΚΑΡΥΣΤΟΣ,ΕΥΒΟΙΑ
34016,ΕΥΒΟΙΑΣ,ΕΛΛΑΣ,ΚΟΝΙΣΤΡΕΣ,ΕΥΒΟΙΑ
34017,ΕΥΒΟΙΑΣ,ΕΛΛΑΣ,ΚΡΙΕΖΑ,ΕΥΒΟΙΑ
34003,ΕΥΒΟΙΑΣ,ΕΛΛΑΣ,ΚΥΜΗ,ΕΥΒΟΙΑ
34005,ΕΥΒΟΙΑΣ,ΕΛΛΑΣ,ΛΙΜΝΗ,ΕΥΒΟΙΑ
34300,ΕΥΒΟΙΑΣ,ΕΛΛΑΣ,ΛΟΥΤΡΑ ΑΙΔΗΨΟΥ,ΕΥΒΟΙΑ
34004,ΕΥΒΟΙΑΣ,ΕΛΛΑΣ,ΜΑΝΤΟΥΔΙ,ΕΥΒΟΙΑ
34013,ΕΥΒΟΙΑΣ,ΕΛΛΑΣ,ΜΑΡΜΑΡΙ,ΕΥΒΟΙΑ
34600,ΕΥΒΟΙΑΣ,ΕΛΛΑΣ,ΝΕΑ ΑΡΤΑΚΗ,ΕΥΒΟΙΑ
34011,ΕΥΒΟΙΑΣ,ΕΛΛΑΣ,ΟΞΥΛΙΘΟΣ,ΕΥΒΟΙΑ
34007,ΕΥΒΟΙΑΣ,ΕΛΛΑΣ,ΣΚΥΡΟΣ,ΕΥΒΟΙΑ
34014,ΕΥΒΟΙΑΣ,ΕΛΛΑΣ,ΣΤΕΝΗ,ΕΥΒΟΙΑ
34015,ΕΥΒΟΙΑΣ,ΕΛΛΑΣ,ΣΤΥΡΑ,ΕΥΒΟΙΑ
34100,ΕΥΒΟΙΑΣ,ΕΛΛΑΣ,ΧΑΛΚΙΔΑ,ΕΥΒΟΙΑ
34400,ΕΥΒΟΙΑΣ,ΕΛΛΑΣ,ΨΑΧΝΑ,ΕΥΒΟΙΑ
34012,ΕΥΒΟΙΑΣ,ΕΛΛΑΣ,ΩΡΕΟΙ,ΕΥΒΟΙΑ
56224,ΕΥΟΣΜΟΣ,ΕΛΛΑΣ,ΘΕΣΣΑΛΟΝΙΚΗ,ΘΕΣΣΑΛΟΝΙΚΗ
36081,ΕΥΡΥΤΑΝΙΑΣ,ΕΛΛΑΣ,ΑΓΙΑ ΤΡΙΑΔΑ ΕΥΡΥΤ.,ΕΥΡΥΤΑΝΙΑ
36073,ΕΥΡΥΤΑΝΙΑΣ,ΕΛΛΑΣ,ΑΓΡΑΦΑ,ΕΥΡΥΤΑΝΙΑ
36072,ΕΥΡΥΤΑΝΙΑΣ,ΕΛΛΑΣ,ΓΡΑΝΙΤΣΑ,ΕΥΡΥΤΑΝΙΑ
36100,ΕΥΡΥΤΑΝΙΑΣ,ΕΛΛΑΣ,ΚΑΡΠΕΝΗΣΙ,ΕΥΡΥΤΑΝΙΑ
36071,ΕΥΡΥΤΑΝΙΑΣ,ΕΛΛΑΣ,ΚΕΡΑΣΟΧΩΡΙ,ΕΥΡΥΤΑΝΙΑ
36076,ΕΥΡΥΤΑΝΙΑΣ,ΕΛΛΑΣ,ΚΡΙΚΕΛΛΟ,ΕΥΡΥΤΑΝΙΑ
36075,ΕΥΡΥΤΑΝΙΑΣ,ΕΛΛΑΣ,ΜΕΓΑΛΟ ΧΩΡΙΟ,ΕΥΡΥΤΑΝΙΑ
36074,ΕΥΡΥΤΑΝΙΑΣ,ΕΛΛΑΣ,ΠΡΟΥΣΟΣ,ΕΥΡΥΤΑΝΙΑ
36070,ΕΥΡΥΤΑΝΙΑΣ,ΕΛΛΑΣ,ΡΑΠΤΟΠΟΥΛΟ,ΕΥΡΥΤΑΝΙΑ
36080,ΕΥΡΥΤΑΝΙΑΣ,ΕΛΛΑΣ,ΦΟΥΡΝΑ,ΕΥΡΥΤΑΝΙΑ
57012,ΖΑΓΚΛΙΒΕΡΙ,ΕΛΛΑΣ,ΘΕΣΣΑΛΟΝΙΚΗ,ΘΕΣΣΑΛΟΝΙΚΗ
29091,ΖΑΚΥΝΘΟΣ,ΕΛΛΑΣ,ΒΟΛΙΜΕΣ,ΖΑΚΥΝΘΟΣ
29100,ΖΑΚΥΝΘΟΣ,ΕΛΛΑΣ,ΖΑΚΥΝΘΟΣ,ΖΑΚΥΝΘΟΣ
29090,ΖΑΚΥΝΘΟΣ,ΕΛΛΑΣ,ΚΑΤΑΣΤΑΡΙ,ΖΑΚΥΝΘΟΣ
29092,ΖΑΚΥΝΘΟΣ,ΕΛΛΑΣ,ΜΑΧΑΙΡΑΔΟ,ΖΑΚΥΝΘΟΣ
13501,ΖΕΦΥΡΙ,ΕΛΛΑΣ,ΑΘΗΝΑ,ΑΤΤΙΚΗ
15771,ΖΩΓΡΑΦΟΣ,ΕΛΛΑΣ,ΑΘΗΝΑ,ΑΤΤΙΚΗ
15772,ΖΩΓΡΑΦΟΣ,ΕΛΛΑΣ,ΑΘΗΝΑ,ΑΤΤΙΚΗ
15773,ΖΩΓΡΑΦΟΣ,ΕΛΛΑΣ,ΑΘΗΝΑ,ΑΤΤΙΚΗ
27200,ΗΛΕΙΑΣ,ΕΛΛΑΣ,ΑΜΑΛΙΑΔΑ,ΗΛΕΙΑ
27051,ΗΛΕΙΑΣ,ΕΛΛΑΣ,ΑΝΔΡΑΒΙΔΑ,ΗΛΕΙΑ
27061,ΗΛΕΙΑΣ,ΕΛΛΑΣ,ΑΝΔΡΙΤΣΑΙΝΑ,ΗΛΕΙΑ
27065,ΗΛΕΙΑΣ,ΕΛΛΑΣ,ΑΡΧΑΙΑ ΟΛΥΜΠΙΑ,ΗΛΕΙΑ
27050,ΗΛΕΙΑΣ,ΕΛΛΑΣ,ΒΑΡΘΟΛΟΜΙΟ,ΗΛΕΙΑ
27300,ΗΛΕΙΑΣ,ΕΛΛΑΣ,ΓΑΣΤΟΥΝΗ,ΗΛΕΙΑ
27058,ΗΛΕΙΑΣ,ΕΛΛΑΣ,ΕΠΙΤΑΛΙΟ,ΗΛΕΙΑ
27069,ΗΛΕΙΑΣ,ΕΛΛΑΣ,ΕΦΥΡΑ,ΗΛΕΙΑ
27054,ΗΛΕΙΑΣ,ΕΛΛΑΣ,ΖΑΧΑΡΩ,ΗΛΕΙΑ
27062,ΗΛΕΙΑΣ,ΕΛΛΑΣ,ΚΑΛΛΙΘΕΑ,ΗΛΕΙΑ
27064,ΗΛΕΙΑΣ,ΕΛΛΑΣ,ΚΑΡΑΤΟΥΛΑ,ΗΛΕΙΑ
27067,ΗΛΕΙΑΣ,ΕΛΛΑΣ,ΚΑΤΑΚΟΛΟ,ΗΛΕΙΑ
27055,ΗΛΕΙΑΣ,ΕΛΛΑΣ,ΚΡΕΣΤΕΝΑ,ΗΛΕΙΑ
27068,ΗΛΕΙΑΣ,ΕΛΛΑΣ,ΚΥΛΛΗΝΗ,ΗΛΕΙΑ
27066,ΗΛΕΙΑΣ,ΕΛΛΑΣ,ΛΑΛΑΣ,ΗΛΕΙΑ
27063,ΗΛΕΙΑΣ,ΕΛΛΑΣ,ΛΑΜΠΕΙΑ,ΗΛΕΙΑ
27053,ΗΛΕΙΑΣ,ΕΛΛΑΣ,ΛΕΧΑΙΝΑ,ΗΛΕΙΑ
27056,ΗΛΕΙΑΣ,ΕΛΛΑΣ,ΝΕΑ ΦΙΓΑΛΕΙΑ,ΗΛΕΙΑ
27060,ΗΛΕΙΑΣ,ΕΛΛΑΣ,ΠΕΛΟΠΙΟ,ΗΛΕΙΑ
27100,ΗΛΕΙΑΣ,ΕΛΛΑΣ,ΠΥΡΓΟΣ,ΗΛΕΙΑ
27052,ΗΛΕΙΑΣ,ΕΛΛΑΣ,Σ. Σ. ΒΑΡΔΑΣ,ΗΛΕΙΑ
27057,ΗΛΕΙΑΣ,ΕΛΛΑΣ,ΤΡΑΓΑΝΟ,ΗΛΕΙΑ
27059,ΗΛΕΙΑΣ,ΕΛΛΑΣ,ΧΑΒΑΡΙ,ΗΛΕΙΑ
16341,ΗΛΙΟΥΠΟΛΗ,ΕΛΛΑΣ,ΑΘΗΝΑ,ΑΤΤΙΚΗ
16342,ΗΛΙΟΥΠΟΛΗ,ΕΛΛΑΣ,ΑΘΗΝΑ,ΑΤΤΙΚΗ
16343,ΗΛΙΟΥΠΟΛΗ,ΕΛΛΑΣ,ΑΘΗΝΑ,ΑΤΤΙΚΗ
16344,ΗΛΙΟΥΠΟΛΗ,ΕΛΛΑΣ,ΑΘΗΝΑ,ΑΤΤΙΚΗ
16345,ΗΛΙΟΥΠΟΛΗ,ΕΛΛΑΣ,ΑΘΗΝΑ,ΑΤΤΙΚΗ
16346,ΗΛΙΟΥΠΟΛΗ,ΕΛΛΑΣ,ΑΘΗΝΑ,ΑΤΤΙΚΗ
59300,ΗΜΑΘΙΑΣ,ΕΛΛΑΣ,ΑΛΕΞΑΝΔΡΕΙΑ,ΗΜΑΘΙΑ
59100,ΗΜΑΘΙΑΣ,ΕΛΛΑΣ,ΒΕΡΟΙΑ,ΗΜΑΘΙΑ
59034,ΗΜΑΘΙΑΣ,ΕΛΛΑΣ,ΕΙΡΗΝΟΥΠΟΛΗ,ΗΜΑΘΙΑ
59035,ΗΜΑΘΙΑΣ,ΕΛΛΑΣ,ΚΟΠΑΝΟΣ,ΗΜΑΘΙΑ
59033,ΗΜΑΘΙΑΣ,ΕΛΛΑΣ,ΜΑΚΡΟΧΩΡΙ ΗΜΑΘΙΑΣ,ΗΜΑΘΙΑ
59031,ΗΜΑΘΙΑΣ,ΕΛΛΑΣ,ΜΕΛΙΚΗ,ΗΜΑΘΙΑ
59200,ΗΜΑΘΙΑΣ,ΕΛΛΑΣ,ΝΑΟΥΣΑ,ΗΜΑΘΙΑ
59032,ΗΜΑΘΙΑΣ,ΕΛΛΑΣ,Σ. Σ. ΠΛΑΤΕΟΣ,ΗΜΑΘΙΑ
64004,ΘΑΣΟΣ,ΕΛΛΑΣ,ΘΑΣΟΣ,ΚΑΒΑΛΑ
64005,ΘΑΣΟΣ,ΕΛΛΑΣ,ΘΕΟΛΟΓΟΣ,ΚΑΒΑΛΑ
64002,ΘΑΣΟΣ,ΕΛΛΑΣ,ΛΙΜΕΝΑΡΙΑ,ΚΑΒΑΛΑ
64004,ΘΑΣΟΣ,ΕΛΛΑΣ,ΠΡΙΝΟΣ,ΚΑΒΑΛΑ
57001,ΘΕΡΜΗ,ΕΛΛΑΣ,ΘΕΣΣΑΛΟΝΙΚΗ,ΘΕΣΣΑΛΟΝΙΚΗ
46032,ΘΕΣΠΡΩΤΙΑΣ,ΕΛΛΑΣ,ΑΓΙΟΙ ΠΑΝΤΕΣ,ΘΕΣΠΡΩΤΙΑ
46031,ΘΕΣΠΡΩΤΙΑΣ,ΕΛΛΑΣ,ΓΛΥΚΗ,ΘΕΣΠΡΩΤΙΑ
46100,ΘΕΣΠΡΩΤΙΑΣ,ΕΛΛΑΣ,ΗΓΟΥΜΕΝΙΤΣΑ,ΘΕΣΠΡΩΤΙΑ
46033,ΘΕΣΠΡΩΤΙΑΣ,ΕΛΛΑΣ,ΚΕΡΑΜΙΤΣΑ,ΘΕΣΠΡΩΤΙΑ
46030,ΘΕΣΠΡΩΤΙΑΣ,ΕΛΛΑΣ,ΜΑΡΓΑΡΙΤΙ,ΘΕΣΠΡΩΤΙΑ
46200,ΘΕΣΠΡΩΤΙΑΣ,ΕΛΛΑΣ,ΠΑΡΑΜΥΘΙΑ,ΘΕΣΠΡΩΤΙΑ
46300,ΘΕΣΠΡΩΤΙΑΣ,ΕΛΛΑΣ,ΦΙΛΙΑΤΕΣ,ΘΕΣΠΡΩΤΙΑ
57006,ΘΕΣΣΑΛΟΝΙΚΗΣ,ΕΛΛΑΣ,ΘΕΣΣΑΛΟΝΙΚΗ,ΘΕΣΣΑΛΟΝΙΚΗ
11851,ΘΗΣΕΙΟ,ΕΛΛΑΣ,ΑΘΗΝΑ,ΑΤΤΙΚΗ
28300,ΙΘΑΚΗ,ΕΛΛΑΣ,ΙΘΑΚΗ,ΚΕΦΑΛΛΟΝΙΑ
28301,ΙΘΑΚΗ,ΕΛΛΑΣ,ΣΤΑΥΡΟΣ,ΚΕΦΑΛΛΟΝΙΑ
83300,ΙΚΑΡΙΑ,ΕΛΛΑΣ,ΑΓΙΟΣ ΚΗΡΥΚΟΣ,ΣΑΜΟΣ
83302,ΙΚΑΡΙΑ,ΕΛΛΑΣ,ΕΥΔΗΛΟΣ,ΣΑΜΟΣ
83301,ΙΚΑΡΙΑ,ΕΛΛΑΣ,ΡΑΧΕΣ,ΣΑΜΟΣ
83400,ΙΚΑΡΙΑ,ΕΛΛΑΣ,ΦΟΥΡΝΟΙ,ΣΑΜΟΣ
11528,ΙΛΙΣΣΙΑ,ΕΛΛΑΣ,ΑΘΗΝΑ,ΑΤΤΙΚΗ
84001,ΙΟΣ,ΕΛΛΑΣ,ΙΟΣ,ΚΥΚΛΑΔΕΣ
84001,ΙΟΣ,ΕΛΛΑΣ,ΚΑΛΑΜΟΣ,ΚΥΚΛΑΔΕΣ
84001,ΙΟΣ,ΕΛΛΑΣ,ΚΑΜΠΟΣ,ΚΥΚΛΑΔΕΣ
84001,ΙΟΣ,ΕΛΛΑΣ,ΜΑΓΓΑΝΑΡΙ,ΚΥΚΛΑΔΕΣ
44008,ΙΩΑΝΝΙΝΩΝ,ΕΛΛΑΣ,ΑΓΙΑ ΠΑΡΑΣΚΕΥΗ,ΙΩΑΝΝΙΝΑ
44016,ΙΩΑΝΝΙΝΩΝ,ΕΛΛΑΣ,ΑΡΙΣΤΗ,ΙΩΑΝΝΙΝΑ
44007,ΙΩΑΝΝΙΝΩΝ,ΕΛΛΑΣ,ΑΣΠΡΑΓΓΕΛΟΙ,ΙΩΑΝΝΙΝΑ
44012,ΙΩΑΝΝΙΝΩΝ,ΕΛΛΑΣ,ΒΗΣΣΑΝΗ,ΙΩΑΝΝΙΝΑ
44017,ΙΩΑΝΝΙΝΩΝ,ΕΛΛΑΣ,ΒΡΟΣΙΝΑ,ΙΩΑΝΝΙΝΑ
44014,ΙΩΑΝΝΙΝΩΝ,ΕΛΛΑΣ,ΓΡΕΒΕΝΙΤΙΟ,ΙΩΑΝΝΙΝΑ
44002,ΙΩΑΝΝΙΝΩΝ,ΕΛΛΑΣ,ΔΕΛΒΙΝΑΚΙ,ΙΩΑΝΝΙΝΑ
44009,ΙΩΑΝΝΙΝΩΝ,ΕΛΛΑΣ,ΔΕΡΒΙΖΙΑΝΑ,ΙΩΑΝΝΙΝΑ
44004,ΙΩΑΝΝΙΝΩΝ,ΕΛΛΑΣ,ΔΟΛΙΑΝΑ,ΙΩΑΝΝΙΝΑ
44003,ΙΩΑΝΝΙΝΩΝ,ΕΛΛΑΣ,ΖΙΤΣΑ,ΙΩΑΝΝΙΝΑ
45221,ΙΩΑΝΝΙΝΩΝ,ΕΛΛΑΣ,ΙΩΑΝΝΙΝΑ,ΙΩΑΝΝΙΝΑ
45232,ΙΩΑΝΝΙΝΩΝ,ΕΛΛΑΣ,ΙΩΑΝΝΙΝΑ,ΙΩΑΝΝΙΝΑ
45332,ΙΩΑΝΝΙΝΩΝ,ΕΛΛΑΣ,ΙΩΑΝΝΙΝΑ,ΙΩΑΝΝΙΝΑ
45333,ΙΩΑΝΝΙΝΩΝ,ΕΛΛΑΣ,ΙΩΑΝΝΙΝΑ,ΙΩΑΝΝΙΝΑ
45442,ΙΩΑΝΝΙΝΩΝ,ΕΛΛΑΣ,ΙΩΑΝΝΙΝΑ,ΙΩΑΝΝΙΝΑ
45444,ΙΩΑΝΝΙΝΩΝ,ΕΛΛΑΣ,ΙΩΑΝΝΙΝΑ,ΙΩΑΝΝΙΝΑ
45445,ΙΩΑΝΝΙΝΩΝ,ΕΛΛΑΣ,ΙΩΑΝΝΙΝΑ,ΙΩΑΝΝΙΝΑ
45500,ΙΩΑΝΝΙΝΩΝ,ΕΛΛΑΣ,ΙΩΑΝΝΙΝΑ,ΙΩΑΝΝΙΝΑ
44013,ΙΩΑΝΝΙΝΩΝ,ΕΛΛΑΣ,ΚΑΛΕΝΤΖΙ,ΙΩΑΝΝΙΝΑ
44006,ΙΩΑΝΝΙΝΩΝ,ΕΛΛΑΣ,ΚΕΦΑΛΟΒΡΥΣΟ,ΙΩΑΝΝΙΝΑ
44018,ΙΩΑΝΝΙΝΩΝ,ΕΛΛΑΣ,ΚΗΠΟΙ,ΙΩΑΝΝΙΝΑ
44100,ΙΩΑΝΝΙΝΩΝ,ΕΛΛΑΣ,ΚΟΝΙΤΣΑ,ΙΩΑΝΝΙΝΑ
44200,ΙΩΑΝΝΙΝΩΝ,ΕΛΛΑΣ,ΜΕΤΣΟΒΟ,ΙΩΑΝΝΙΝΑ
44020,ΙΩΑΝΝΙΝΩΝ,ΕΛΛΑΣ,ΜΟΛΙΣΤΑ,ΙΩΑΝΝΙΝΑ
44019,ΙΩΑΝΝΙΝΩΝ,ΕΛΛΑΣ,ΠΑΛΑΙΟΣΕΛΙ,ΙΩΑΝΝΙΝΑ
44001,ΙΩΑΝΝΙΝΩΝ,ΕΛΛΑΣ,ΠΡΑΜΑΝΤΑ,ΙΩΑΝΝΙΝΑ
44015,ΙΩΑΝΝΙΝΩΝ,ΕΛΛΑΣ,ΠΥΡΣΟΓΙΑΝΝΗ,ΙΩΑΝΝΙΝΑ
44005,ΙΩΑΝΝΙΝΩΝ,ΕΛΛΑΣ,ΠΩΓΩΝΙΑΝΗ,ΙΩΑΝΝΙΝΑ
44010,ΙΩΑΝΝΙΝΩΝ,ΕΛΛΑΣ,ΤΣΕΠΕΛΟΒΟ,ΙΩΑΝΝΙΝΑ
57008,ΙΩΝΙΑ,ΕΛΛΑΣ,ΘΕΣΣΑΛΟΝΙΚΗ,ΘΕΣΣΑΛΟΝΙΚΗ
64012,ΚΑΒΑΛΑΣ,ΕΛΛΑΣ,ΑΜΥΓΔΑΛΕΩΝΑΣ,ΚΑΒΑΛΑ
64100,ΚΑΒΑΛΑΣ,ΕΛΛΑΣ,ΕΛΕΥΘΕΡΟΥΠΟΛΗ,ΚΑΒΑΛΑ
65201,ΚΑΒΑΛΑΣ,ΕΛΛΑΣ,ΚΑΒΑΛΑ,ΚΑΒΑΛΑ
65302,ΚΑΒΑΛΑΣ,ΕΛΛΑΣ,ΚΑΒΑΛΑ,ΚΑΒΑΛΑ
65403,ΚΑΒΑΛΑΣ,ΕΛΛΑΣ,ΚΑΒΑΛΑ,ΚΑΒΑΛΑ
65404,ΚΑΒΑΛΑΣ,ΕΛΛΑΣ,ΚΑΒΑΛΑ,ΚΑΒΑΛΑ
65500,ΚΑΒΑΛΑΣ,ΕΛΛΑΣ,ΚΑΒΑΛΑ,ΚΑΒΑΛΑ
64011,ΚΑΒΑΛΑΣ,ΕΛΛΑΣ,ΚΕΡΑΜΩΤΗ,ΚΑΒΑΛΑ
64009,ΚΑΒΑΛΑΣ,ΕΛΛΑΣ,ΚΕΧΡΟΚΑΜΠΟΣ,ΚΑΒΑΛΑ
64003,ΚΑΒΑΛΑΣ,ΕΛΛΑΣ,ΚΡΗΝΙΔΕΣ,ΚΑΒΑΛΑ
64008,ΚΑΒΑΛΑΣ,ΕΛΛΑΣ,ΜΟΥΣΘΕΝΗ,ΚΑΒΑΛΑ
64006,ΚΑΒΑΛΑΣ,ΕΛΛΑΣ,Ν. ΚΑΡΒΑΛΗ,ΚΑΒΑΛΑ
64007,ΚΑΒΑΛΑΣ,ΕΛΛΑΣ,ΝΕΑ ΠΕΡΑΜΟΣ,ΚΑΒΑΛΑ
64001,ΚΑΒΑΛΑΣ,ΕΛΛΑΣ,ΝΙΚΗΣΙΑΝΗ,ΚΑΒΑΛΑ
64010,ΚΑΒΑΛΑΣ,ΕΛΛΑΣ,ΠΡΙΝΟΣ,ΚΑΒΑΛΑ
64200,ΚΑΒΑΛΑΣ,ΕΛΛΑΣ,ΧΡΥΣΟΥΠΟΛΗ,ΚΑΒΑΛΑ
16121,ΚΑΙΣΑΡΙΑΝΗ,ΕΛΛΑΣ,ΑΘΗΝΑ,ΑΤΤΙΚΗ
16122,ΚΑΙΣΑΡΙΑΝΗ,ΕΛΛΑΣ,ΑΘΗΝΑ,ΑΤΤΙΚΗ
55131,ΚΑΛΑΜΑΡΙΑ,ΕΛΛΑΣ,ΘΕΣΣΑΛΟΝΙΚΗ,ΘΕΣΣΑΛΟΝΙΚΗ
55132,ΚΑΛΑΜΑΡΙΑ,ΕΛΛΑΣ,ΘΕΣΣΑΛΟΝΙΚΗ,ΘΕΣΣΑΛΟΝΙΚΗ
55133,ΚΑΛΑΜΑΡΙΑ,ΕΛΛΑΣ,ΘΕΣΣΑΛΟΝΙΚΗ,ΘΕΣΣΑΛΟΝΙΚΗ
55134,ΚΑΛΑΜΑΡΙΑ,ΕΛΛΑΣ,ΘΕΣΣΑΛΟΝΙΚΗ,ΘΕΣΣΑΛΟΝΙΚΗ
17671,ΚΑΛΛΙΘΕΑ,ΕΛΛΑΣ,ΑΘΗΝΑ,ΑΤΤΙΚΗ
17672,ΚΑΛΛΙΘΕΑ,ΕΛΛΑΣ,ΑΘΗΝΑ,ΑΤΤΙΚΗ
17673,ΚΑΛΛΙΘΕΑ,ΕΛΛΑΣ,ΑΘΗΝΑ,ΑΤΤΙΚΗ
17674,ΚΑΛΛΙΘΕΑ,ΕΛΛΑΣ,ΑΘΗΝΑ,ΑΤΤΙΚΗ
17675,ΚΑΛΛΙΘΕΑ,ΕΛΛΑΣ,ΑΘΗΝΑ,ΑΤΤΙΚΗ
17676,ΚΑΛΛΙΘΕΑ,ΕΛΛΑΣ,ΑΘΗΝΑ,ΑΤΤΙΚΗ
18538,ΚΑΛΛΙΠΟΛΗ,ΕΛΛΑΣ,ΠΕΙΡΑΙΑΣ,ΑΤΤΙΚΗ
57009,ΚΑΛΟΧΩΡΙ,ΕΛΛΑΣ,ΘΕΣΣΑΛΟΝΙΚΗ,ΘΕΣΣΑΛΟΝΙΚΗ
19010,ΚΑΛΥΒΙΑ,ΕΛΛΑΣ,ΚΑΛΥΒΙΑ,ΑΤΤΙΚΗ
85200,ΚΑΛΥΜΝΟΣ,ΕΛΛΑΣ,ΕΜΠΟΡΙΟ,ΔΩΔΕΚΑΝΗΣΑ
85200,ΚΑΛΥΜΝΟΣ,ΕΛΛΑΣ,ΚΑΛΥΜΝΟΣ,ΔΩΔΕΚΑΝΗΣΑ
85200,ΚΑΛΥΜΝΟΣ,ΕΛΛΑΣ,ΚΑΜΑΡΙ,ΔΩΔΕΚΑΝΗΣΑ
85200,ΚΑΛΥΜΝΟΣ,ΕΛΛΑΣ,ΠΑΝΟΡΜΟΣ,ΔΩΔΕΚΑΝΗΣΑ
13451,ΚΑΜΑΤΕΡΟ,ΕΛΛΑΣ,ΑΘΗΝΑ,ΑΤΤΙΚΗ
18540,ΚΑΜΙΝΙΑ,ΕΛΛΑΣ,ΠΕΙΡΑΙΑΣ,ΑΤΤΙΚΗ
18541,ΚΑΜΙΝΙΑ,ΕΛΛΑΣ,ΠΕΙΡΑΙΑΣ,ΑΤΤΙΚΗ
19014,ΚΑΠΑΝΔΡΙΤΙ,ΕΛΛΑΣ,ΚΑΠΑΝΔΡΙΤΙ,ΑΤΤΙΚΗ
43061,ΚΑΡΔΙΤΣΑΣ,ΕΛΛΑΣ,ΑΓΝΑΝΤΕΡΟ,ΚΑΡΔΙΤΣΑ
43065,ΚΑΡΔΙΤΣΑΣ,ΕΛΛΑΣ,ΑΝΘΗΡΟ,ΚΑΡΔΙΤΣΑ
43066,ΚΑΡΔΙΤΣΑΣ,ΕΛΛΑΣ,ΒΡΑΓΚΙΑΝΑ,ΚΑΡΔΙΤΣΑ
43100,ΚΑΡΔΙΤΣΑΣ,ΕΛΛΑΣ,ΚΑΡΔΙΤΣΑ,ΚΑΡΔΙΤΣΑ
43063,ΚΑΡΔΙΤΣΑΣ,ΕΛΛΑΣ,ΛΕΟΝΤΑΡΙ,ΚΑΡΔΙΤΣΑ
43067,ΚΑΡΔΙΤΣΑΣ,ΕΛΛΑΣ,ΜΕΣΕΝΙΚΟΛΑΣ,ΚΑΡΔΙΤΣΑ
43060,ΚΑΡΔΙΤΣΑΣ,ΕΛΛΑΣ,ΜΟΥΖΑΚΙ,ΚΑΡΔΙΤΣΑ
43200,ΚΑΡΔΙΤΣΑΣ,ΕΛΛΑΣ,ΠΑΛΑΜΑΣ,ΚΑΡΔΙΤΣΑ
43069,ΚΑΡΔΙΤΣΑΣ,ΕΛΛΑΣ,ΠΕΤΡΙΛΟ,ΚΑΡΔΙΤΣΑ
43070,ΚΑΡΔΙΤΣΑΣ,ΕΛΛΑΣ,ΠΡΟΑΣΤΙΟ,ΚΑΡΔΙΤΣΑ
43068,ΚΑΡΔΙΤΣΑΣ,ΕΛΛΑΣ,ΡΕΝΤΙΝΑ,ΚΑΡΔΙΤΣΑ
43300,ΚΑΡΔΙΤΣΑΣ,ΕΛΛΑΣ,ΣΟΦΑΔΕΣ,ΚΑΡΔΙΤΣΑ
43064,ΚΑΡΔΙΤΣΑΣ,ΕΛΛΑΣ,ΦΑΝΑΡΙ,ΚΑΡΔΙΤΣΑ
85700,ΚΑΡΠΑΘΟΣ,ΕΛΛΑΣ,ΚΑΡΠΑΘΟΣ,ΔΩΔΕΚΑΝΗΣΑ
85800,ΚΑΣΟΣ,ΕΛΛΑΣ,ΚΑΣΟΣ,ΔΩΔΕΚΑΝΗΣΑ
18533,ΚΑΣΤΕΛΛΑ,ΕΛΛΑΣ,ΠΕΙΡΑΙΑΣ,ΑΤΤΙΚΗ
85111,ΚΑΣΤΕΛΟΡΙΖΟ,ΕΛΛΑΣ,ΚΑΣΤΕΛΟΡΙΖΟ,ΔΩΔΕΚΑΝΗΣΑ
85111,ΚΑΣΤΕΛΟΡΙΖΟ,ΕΛΛΑΣ,ΜΕΓΙΣΤΗ,ΔΩΔΕΚΑΝΗΣΑ
52058,ΚΑΣΤΟΡΙΑΣ,ΕΛΛΑΣ,ΑΚΡΙΤΕΣ,ΚΑΣΤΟΡΙΑ
52200,ΚΑΣΤΟΡΙΑΣ,ΕΛΛΑΣ,ΑΡΓΟΣ ΟΡΕΣΤΙΚΟ,ΚΑΣΤΟΡΙΑ
52059,ΚΑΣΤΟΡΙΑΣ,ΕΛΛΑΣ,ΒΙΤΣΙ,ΚΑΣΤΟΡΙΑ
52053,ΚΑΣΤΟΡΙΑΣ,ΕΛΛΑΣ,ΒΟΓΑΤΣΙΚΟ,ΚΑΣΤΟΡΙΑ
52100,ΚΑΣΤΟΡΙΑΣ,ΕΛΛΑΣ,ΚΑΣΤΟΡΙΑ,ΚΑΣΤΟΡΙΑ
52054,ΚΑΣΤΟΡΙΑΣ,ΕΛΛΑΣ,ΚΛΕΙΣΟΥΡΑ,ΚΑΣΤΟΡΙΑ
52052,ΚΑΣΤΟΡΙΑΣ,ΕΛΛΑΣ,ΚΟΡΗΣΟΣ,ΚΑΣΤΟΡΙΑ
52055,ΚΑΣΤΟΡΙΑΣ,ΕΛΛΑΣ,ΜΑΚΡΟΧΩΡΙ,ΚΑΣΤΟΡΙΑ
52056,ΚΑΣΤΟΡΙΑΣ,ΕΛΛΑΣ,ΜΑΥΡΟΧΩΡΙ,ΚΑΣΤΟΡΙΑ
52050,ΚΑΣΤΟΡΙΑΣ,ΕΛΛΑΣ,ΜΕΣΟΠΟΤΑΜΙΑ,ΚΑΣΤΟΡΙΑ
52051,ΚΑΣΤΟΡΙΑΣ,ΕΛΛΑΣ,ΝΕΣΤΟΡΙΟ,ΚΑΣΤΟΡΙΑ
10445,ΚΑΤΩ ΠΑΤΗΣΙΑ,ΕΛΛΑΣ,ΑΘΗΝΑ,ΑΤΤΙΚΗ
84002,ΚΕΑ,ΕΛΛΑΣ,ΑΓΙΑ ΜΑΡΙΝΑ,ΚΥΚΛΑΔΕΣ
84002,ΚΕΑ,ΕΛΛΑΣ,ΒΟΥΡΚΑΡΙ,ΚΥΚΛΑΔΕΣ
84002,ΚΕΑ,ΕΛΛΑΣ,ΙΟΥΛΙΣ,ΚΥΚΛΑΔΕΣ
84002,ΚΕΑ,ΕΛΛΑΣ,ΚΕΑ,ΚΥΚΛΑΔΕΣ
54622,ΚΕΝΤΡΟ,ΕΛΛΑΣ,ΘΕΣΣΑΛΟΝΙΚΗ,ΘΕΣΣΑΛΟΝΙΚΗ
54623,ΚΕΝΤΡΟ,ΕΛΛΑΣ,ΘΕΣΣΑΛΟΝΙΚΗ,ΘΕΣΣΑΛΟΝΙΚΗ
54624,ΚΕΝΤΡΟ,ΕΛΛΑΣ,ΘΕΣΣΑΛΟΝΙΚΗ,ΘΕΣΣΑΛΟΝΙΚΗ
54625,ΚΕΝΤΡΟ,ΕΛΛΑΣ,ΘΕΣΣΑΛΟΝΙΚΗ,ΘΕΣΣΑΛΟΝΙΚΗ
54626,ΚΕΝΤΡΟ,ΕΛΛΑΣ,ΘΕΣΣΑΛΟΝΙΚΗ,ΘΕΣΣΑΛΟΝΙΚΗ
54627,ΚΕΝΤΡΟ,ΕΛΛΑΣ,ΘΕΣΣΑΛΟΝΙΚΗ,ΘΕΣΣΑΛΟΝΙΚΗ
54630,ΚΕΝΤΡΟ,ΕΛΛΑΣ,ΘΕΣΣΑΛΟΝΙΚΗ,ΘΕΣΣΑΛΟΝΙΚΗ
54631,ΚΕΝΤΡΟ,ΕΛΛΑΣ,ΘΕΣΣΑΛΟΝΙΚΗ,ΘΕΣΣΑΛΟΝΙΚΗ
54632,ΚΕΝΤΡΟ,ΕΛΛΑΣ,ΘΕΣΣΑΛΟΝΙΚΗ,ΘΕΣΣΑΛΟΝΙΚΗ
54633,ΚΕΝΤΡΟ,ΕΛΛΑΣ,ΘΕΣΣΑΛΟΝΙΚΗ,ΘΕΣΣΑΛΟΝΙΚΗ
54634,ΚΕΝΤΡΟ,ΕΛΛΑΣ,ΘΕΣΣΑΛΟΝΙΚΗ,ΘΕΣΣΑΛΟΝΙΚΗ
54635,ΚΕΝΤΡΟ,ΕΛΛΑΣ,ΘΕΣΣΑΛΟΝΙΚΗ,ΘΕΣΣΑΛΟΝΙΚΗ
54636,ΚΕΝΤΡΟ,ΕΛΛΑΣ,ΘΕΣΣΑΛΟΝΙΚΗ,ΘΕΣΣΑΛΟΝΙΚΗ
54638,ΚΕΝΤΡΟ,ΕΛΛΑΣ,ΘΕΣΣΑΛΟΝΙΚΗ,ΘΕΣΣΑΛΟΝΙΚΗ
54639,ΚΕΝΤΡΟ,ΕΛΛΑΣ,ΘΕΣΣΑΛΟΝΙΚΗ,ΘΕΣΣΑΛΟΝΙΚΗ
54640,ΚΕΝΤΡΟ,ΕΛΛΑΣ,ΘΕΣΣΑΛΟΝΙΚΗ,ΘΕΣΣΑΛΟΝΙΚΗ
54641,ΚΕΝΤΡΟ,ΕΛΛΑΣ,ΘΕΣΣΑΛΟΝΙΚΗ,ΘΕΣΣΑΛΟΝΙΚΗ
54642,ΚΕΝΤΡΟ,ΕΛΛΑΣ,ΘΕΣΣΑΛΟΝΙΚΗ,ΘΕΣΣΑΛΟΝΙΚΗ
54643,ΚΕΝΤΡΟ,ΕΛΛΑΣ,ΘΕΣΣΑΛΟΝΙΚΗ,ΘΕΣΣΑΛΟΝΙΚΗ
54644,ΚΕΝΤΡΟ,ΕΛΛΑΣ,ΘΕΣΣΑΛΟΝΙΚΗ,ΘΕΣΣΑΛΟΝΙΚΗ
54645,ΚΕΝΤΡΟ,ΕΛΛΑΣ,ΘΕΣΣΑΛΟΝΙΚΗ,ΘΕΣΣΑΛΟΝΙΚΗ
54646,ΚΕΝΤΡΟ,ΕΛΛΑΣ,ΘΕΣΣΑΛΟΝΙΚΗ,ΘΕΣΣΑΛΟΝΙΚΗ
54655,ΚΕΝΤΡΟ,ΕΛΛΑΣ,ΘΕΣΣΑΛΟΝΙΚΗ,ΘΕΣΣΑΛΟΝΙΚΗ
18531,ΚΕΝΤΡΟ,ΕΛΛΑΣ,ΠΕΙΡΑΙΑΣ,ΑΤΤΙΚΗ
18544,ΚΕΝΤΡΟ,ΕΛΛΑΣ,ΠΕΙΡΑΙΑΣ,ΑΤΤΙΚΗ
18546,ΚΕΝΤΡΟ,ΕΛΛΑΣ,ΠΕΙΡΑΙΑΣ,ΑΤΤΙΚΗ
19001,ΚΕΡΑΤΕΑ,ΕΛΛΑΣ,ΚΕΡΑΤΕΑ,ΑΤΤΙΚΗ
18755,ΚΕΡΑΤΣΙΝΙ,ΕΛΛΑΣ,ΠΕΙΡΑΙΑΣ,ΑΤΤΙΚΗ
18756,ΚΕΡΑΤΣΙΝΙ,ΕΛΛΑΣ,ΠΕΙΡΑΙΑΣ,ΑΤΤΙΚΗ
18757,ΚΕΡΑΤΣΙΝΙ,ΕΛΛΑΣ,ΠΕΙΡΑΙΑΣ,ΑΤΤΙΚΗ
18758,ΚΕΡΑΤΣΙΝΙ,ΕΛΛΑΣ,ΠΕΙΡΑΙΑΣ,ΑΤΤΙΚΗ
49082,ΚΕΡΚΥΡΑΣ,ΕΛΛΑΣ,ΓΑΪΟΣ,ΚΕΡΚΥΡΑ
49081,ΚΕΡΚΥΡΑΣ,ΕΛΛΑΣ,ΚΑΡΟΥΣΑΔΕΣ,ΚΕΡΚΥΡΑ
49084,ΚΕΡΚΥΡΑΣ,ΕΛΛΑΣ,ΚΑΣΤΕΛΛΑΝΟΙ,ΚΕΡΚΥΡΑ
49084,ΚΕΡΚΥΡΑΣ,ΕΛΛΑΣ,ΚΑΣΤΕΛΛΑΝΟΙ ΜΕΣΗΣ,ΚΕΡΚΥΡΑ
49100,ΚΕΡΚΥΡΑΣ,ΕΛΛΑΣ,ΚΕΡΚΥΡΑ,ΚΕΡΚΥΡΑ
49080,ΚΕΡΚΥΡΑΣ,ΕΛΛΑΣ,ΛΕΥΚΙΜΜΗ,ΚΕΡΚΥΡΑ
49083,ΚΕΡΚΥΡΑΣ,ΕΛΛΑΣ,ΣΚΡΙΠΕΡΟ,ΚΕΡΚΥΡΑ
28081,ΚΕΦΑΛΛΟΝΙΑ,ΕΛΛΑΣ,ΑΓΙΑ ΕΥΦΗΜΙΑ,ΚΕΦΑΛΛΟΝΙΑ
28100,ΚΕΦΑΛΛΟΝΙΑ,ΕΛΛΑΣ,ΑΡΓΟΣΤΟΛΙ,ΚΕΦΑΛΛΟΝΙΑ
28085,ΚΕΦΑΛΛΟΝΙΑ,ΕΛΛΑΣ,ΒΑΣΙΛΙΚΙΑΔΕΣ,ΚΕΦΑΛΛΟΝΙΑ
28083,ΚΕΦΑΛΛΟΝΙΑ,ΕΛΛΑΣ,ΚΕΡΑΜΕΙΕΣ,ΚΕΦΑΛΛΟΝΙΑ
28200,ΚΕΦΑΛΛΟΝΙΑ,ΕΛΛΑΣ,ΛΗΞΟΥΡΙ,ΚΕΦΑΛΛΟΝΙΑ
28086,ΚΕΦΑΛΛΟΝΙΑ,ΕΛΛΑΣ,ΠΟΡΟΣ,ΚΕΦΑΛΛΟΝΙΑ
28080,ΚΕΦΑΛΛΟΝΙΑ,ΕΛΛΑΣ,ΣΑΜΗ,ΚΕΦΑΛΛΟΝΙΑ
28084,ΚΕΦΑΛΛΟΝΙΑ,ΕΛΛΑΣ,ΦΙΣΚΑΡΔΟ,ΚΕΦΑΛΛΟΝΙΑ
28082,ΚΕΦΑΛΛΟΝΙΑ,ΕΛΛΑΣ,ΧΙΟΝΑΤΑ,ΚΕΦΑΛΛΟΝΙΑ
14561,ΚΗΦΙΣΙΑ,ΕΛΛΑΣ,ΑΘΗΝΑ,ΑΤΤΙΚΗ
14562,ΚΗΦΙΣΙΑ,ΕΛΛΑΣ,ΑΘΗΝΑ,ΑΤΤΙΚΗ
14563,ΚΗΦΙΣΙΑ,ΕΛΛΑΣ,ΑΘΗΝΑ,ΑΤΤΙΚΗ
14564,ΚΗΦΙΣΙΑ,ΕΛΛΑΣ,ΑΘΗΝΑ,ΑΤΤΙΚΗ
61400,ΚΙΛΚΙΣ,ΕΛΛΑΣ,ΑΞΙΟΥΠΟΛΗ,ΚΙΛΚΙΣ
61006,ΚΙΛΚΙΣ,ΕΛΛΑΣ,ΒΑΘΗ ΚΙΛΚΙΣ,ΚΙΛΚΙΣ
61300,ΚΙΛΚΙΣ,ΕΛΛΑΣ,ΓΟΥΜΕΝΙΣΣΑ,ΚΙΛΚΙΣ
61005,ΚΙΛΚΙΣ,ΕΛΛΑΣ,ΕΙΔΟΜΕΝΗ,ΚΙΛΚΙΣ
61100,ΚΙΛΚΙΣ,ΕΛΛΑΣ,ΚΙΛΚΙΣ,ΚΙΛΚΙΣ
61200,ΚΙΛΚΙΣ,ΕΛΛΑΣ,ΠΟΛΥΚΑΣΤΡΟ,ΚΙΛΚΙΣ
61001,ΚΙΛΚΙΣ,ΕΛΛΑΣ,Σ. Σ. ΕΥΖΩΝΩΝ,ΚΙΛΚΙΣ
61003,ΚΙΛΚΙΣ,ΕΛΛΑΣ,Σ. Σ. ΜΟΥΡΙΩΝ,ΚΙΛΚΙΣ
61002,ΚΙΛΚΙΣ,ΕΛΛΑΣ,ΧΕΡΣΟ,ΚΙΛΚΙΣ
84004,ΚΙΜΩΛΟΣ,ΕΛΛΑΣ,ΚΙΜΩΛΟΣ,ΚΥΚΛΑΔΕΣ
50004,ΚΟΖΑΝΗΣ,ΕΛΛΑΣ,ΑΙΑΝΗ,ΚΟΖΑΝΗ
50008,ΚΟΖΑΝΗΣ,ΕΛΛΑΣ,ΑΥΓΕΡΙΝΟΣ,ΚΟΖΑΝΗ
50400,ΚΟΖΑΝΗΣ,ΕΛΛΑΣ,ΒΕΛΒΕΝΤΟΣ,ΚΟΖΑΝΗ
50009,ΚΟΖΑΝΗΣ,ΕΛΛΑΣ,ΒΛΑΣΤΗ,ΚΟΖΑΝΗ
50005,ΚΟΖΑΝΗΣ,ΕΛΛΑΣ,ΕΜΠΟΡΙΟ,ΚΟΖΑΝΗ
50003,ΚΟΖΑΝΗΣ,ΕΛΛΑΣ,ΕΡΑΤΥΡΑ,ΚΟΖΑΝΗ
50100,ΚΟΖΑΝΗΣ,ΕΛΛΑΣ,ΚΟΖΑΝΗ,ΚΟΖΑΝΗ
50010,ΚΟΖΑΝΗΣ,ΕΛΛΑΣ,ΚΡΟΚΟΣ,ΚΟΖΑΝΗ
50001,ΚΟΖΑΝΗΣ,ΕΛΛΑΣ,ΝΕΑΠΟΛΗ,ΚΟΖΑΝΗ
50007,ΚΟΖΑΝΗΣ,ΕΛΛΑΣ,ΠΕΝΤΑΛΟΦΟΣ,ΚΟΖΑΝΗ
50200,ΚΟΖΑΝΗΣ,ΕΛΛΑΣ,ΠΤΟΛΕΜΑΪΔΑ,ΚΟΖΑΝΗ
50006,ΚΟΖΑΝΗΣ,ΕΛΛΑΣ,ΠΥΡΓΟΙ,ΚΟΖΑΝΗ
50500,ΚΟΖΑΝΗΣ,ΕΛΛΑΣ,ΣΕΡΒΙΑ,ΚΟΖΑΝΗ
50300,ΚΟΖΑΝΗΣ,ΕΛΛΑΣ,ΣΙΑΤΙΣΤΑ,ΚΟΖΑΝΗ
50002,ΚΟΖΑΝΗΣ,ΕΛΛΑΣ,ΤΣΟΤΙΛΙ,ΚΟΖΑΝΗ
50002,ΚΟΖΑΝΗΣ,ΕΛΛΑΣ,ΤΣΟΤΥΛΙ,ΚΟΖΑΝΗ
18542,ΚΟΚΚΙΝΙΑ,ΕΛΛΑΣ,ΠΕΙΡΑΙΑΣ,ΑΤΤΙΚΗ
10671,ΚΟΛΩΝΑΚΙ,ΕΛΛΑΣ,ΑΘΗΝΑ,ΑΤΤΙΚΗ
10672,ΚΟΛΩΝΑΚΙ,ΕΛΛΑΣ,ΑΘΗΝΑ,ΑΤΤΙΚΗ
10673,ΚΟΛΩΝΑΚΙ,ΕΛΛΑΣ,ΑΘΗΝΑ,ΑΤΤΙΚΗ
10674,ΚΟΛΩΝΑΚΙ,ΕΛΛΑΣ,ΑΘΗΝΑ,ΑΤΤΙΚΗ
10675,ΚΟΛΩΝΑΚΙ,ΕΛΛΑΣ,ΑΘΗΝΑ,ΑΤΤΙΚΗ
10676,ΚΟΛΩΝΑΚΙ,ΕΛΛΑΣ,ΑΘΗΝΑ,ΑΤΤΙΚΗ
10441,ΚΟΛΩΝΟΣ,ΕΛΛΑΣ,ΑΘΗΝΑ,ΑΤΤΙΚΗ
10442,ΚΟΛΩΝΟΣ,ΕΛΛΑΣ,ΑΘΗΝΑ,ΑΤΤΙΚΗ
10443,ΚΟΛΩΝΟΣ,ΕΛΛΑΣ,ΑΘΗΝΑ,ΑΤΤΙΚΗ
10444,ΚΟΛΩΝΟΣ,ΕΛΛΑΣ,ΑΘΗΝΑ,ΑΤΤΙΚΗ
20003,ΚΟΡΙΝΘΙΑΣ,ΕΛΛΑΣ,ΑΓΙΟΙ ΘΕΟΔΩΡΟΙ,ΚΟΡΙΝΘΙΑ
20005,ΚΟΡΙΝΘΙΑΣ,ΕΛΛΑΣ,ΑΘΙΚΙΑ,ΚΟΡΙΝΘΙΑ
20007,ΚΟΡΙΝΘΙΑΣ,ΕΛΛΑΣ,ΑΡΧΑΙΑ ΚΟΡΙΝΘΟΣ,ΚΟΡΙΝΘΙΑ
20002,ΚΟΡΙΝΘΙΑΣ,ΕΛΛΑΣ,ΒΕΛΟ,ΚΟΡΙΝΘΙΑ
20006,ΚΟΡΙΝΘΙΑΣ,ΕΛΛΑΣ,ΒΡΑΧΑΤΙ,ΚΟΡΙΝΘΙΑ
20014,ΚΟΡΙΝΘΙΑΣ,ΕΛΛΑΣ,ΓΚΟΥΡΑ,ΚΟΡΙΝΘΙΑ
20009,ΚΟΡΙΝΘΙΑΣ,ΕΛΛΑΣ,ΔΕΡΒΕΝΙ,ΚΟΡΙΝΘΙΑ
20001,ΚΟΡΙΝΘΙΑΣ,ΕΛΛΑΣ,ΖΕΥΓΟΛΑΤΙΟ,ΚΟΡΙΝΘΙΑ
20010,ΚΟΡΙΝΘΙΑΣ,ΕΛΛΑΣ,ΙΣΘΜΙΑ,ΚΟΡΙΝΘΙΑ
20016,ΚΟΡΙΝΘΙΑΣ,ΕΛΛΑΣ,ΚΑΛΙΑΝΟΙ,ΚΟΡΙΝΘΙΑ
20200,ΚΟΡΙΝΘΙΑΣ,ΕΛΛΑΣ,ΚΙΑΤΟ,ΚΟΡΙΝΘΙΑ
20017,ΚΟΡΙΝΘΙΑΣ,ΕΛΛΑΣ,ΚΛΗΜΕΝΤΙ,ΚΟΡΙΝΘΙΑ
20100,ΚΟΡΙΝΘΙΑΣ,ΕΛΛΑΣ,ΚΟΡΙΝΘΟΣ,ΚΟΡΙΝΘΙΑ
20300,ΚΟΡΙΝΘΙΑΣ,ΕΛΛΑΣ,ΛΟΥΤΡΑΚΙ,ΚΟΡΙΝΘΙΑ
20012,ΚΟΡΙΝΘΙΑΣ,ΕΛΛΑΣ,ΛΥΚΟΠΟΡΙΑ,ΚΟΡΙΝΘΙΑ
20400,ΚΟΡΙΝΘΙΑΣ,ΕΛΛΑΣ,ΞΥΛΟΚΑΣΤΡΟ,ΚΟΡΙΝΘΙΑ
20011,ΚΟΡΙΝΘΙΑΣ,ΕΛΛΑΣ,ΠΕΡΙΓΙΑΛΙ,ΚΟΡΙΝΘΙΑ
20013,ΚΟΡΙΝΘΙΑΣ,ΕΛΛΑΣ,ΠΙΤΣΑ,ΚΟΡΙΝΘΙΑ
20015,ΚΟΡΙΝΘΙΑΣ,ΕΛΛΑΣ,ΣΟΥΛΙ,ΚΟΡΙΝΘΙΑ
20004,ΚΟΡΙΝΘΙΑΣ,ΕΛΛΑΣ,ΣΟΦΙΚΟ,ΚΟΡΙΝΘΙΑ
20008,ΚΟΡΙΝΘΙΑΣ,ΕΛΛΑΣ,ΧΙΛΙΟΜΟΔΙ,ΚΟΡΙΝΘΙΑ
18120,ΚΟΡΥΔΑΛΛΟΣ,ΕΛΛΑΣ,ΠΕΙΡΑΙΑΣ,ΑΤΤΙΚΗ
18121,ΚΟΡΥΔΑΛΛΟΣ,ΕΛΛΑΣ,ΠΕΙΡΑΙΑΣ,ΑΤΤΙΚΗ
18122,ΚΟΡΥΔΑΛΛΟΣ,ΕΛΛΑΣ,ΠΕΙΡΑΙΑΣ,ΑΤΤΙΚΗ
19400,ΚΟΡΩΠΙ,ΕΛΛΑΣ,ΚΟΡΩΠΙ,ΑΤΤΙΚΗ
11741,ΚΟΥΚΑΚΙ,ΕΛΛΑΣ,ΑΘΗΝΑ,ΑΤΤΙΚΗ
57100,ΚΟΥΦΑΛΙΑ,ΕΛΛΑΣ,ΘΕΣΣΑΛΟΝΙΚΗ,ΘΕΣΣΑΛΟΝΙΚΗ
14569,ΚΡΥΟΝΕΡΙ,ΕΛΛΑΣ,ΑΘΗΝΑ,ΑΤΤΙΚΗ
80100,ΚΥΘΗΡΑ,ΕΛΛΑΣ,ΑΒΛΕΜΟΝΑΣ,ΑΤΤΙΚΗ
80100,ΚΥΘΗΡΑ,ΕΛΛΑΣ,ΚΥΘΗΡΑ,ΑΤΤΙΚΗ
80200,ΚΥΘΗΡΑ,ΕΛΛΑΣ,ΠΟΤΑΜΟΣ,ΑΤΤΙΚΗ
84006,ΚΥΘΝΟΣ,ΕΛΛΑΣ,ΚΑΝΑΛΑ,ΚΥΚΛΑΔΕΣ
84006,ΚΥΘΝΟΣ,ΕΛΛΑΣ,ΚΥΘΝΟΣ,ΚΥΚΛΑΔΕΣ
11256,ΚΥΨΕΛΗ,ΕΛΛΑΣ,ΑΘΗΝΑ,ΑΤΤΙΚΗ
11257,ΚΥΨΕΛΗ,ΕΛΛΑΣ,ΑΘΗΝΑ,ΑΤΤΙΚΗ
11361,ΚΥΨΕΛΗ,ΕΛΛΑΣ,ΑΘΗΝΑ,ΑΤΤΙΚΗ
11362,ΚΥΨΕΛΗ,ΕΛΛΑΣ,ΑΘΗΝΑ,ΑΤΤΙΚΗ
11363,ΚΥΨΕΛΗ,ΕΛΛΑΣ,ΑΘΗΝΑ,ΑΤΤΙΚΗ
11364,ΚΥΨΕΛΗ,ΕΛΛΑΣ,ΑΘΗΝΑ,ΑΤΤΙΚΗ
85302,ΚΩΣ,ΕΛΛΑΣ,ΑΝΤΙΜΑΧΕΙΑ,ΔΩΔΕΚΑΝΗΣΑ
85301,ΚΩΣ,ΕΛΛΑΣ,ΚΕΦΑΛΟΣ,ΔΩΔΕΚΑΝΗΣΑ
85300,ΚΩΣ,ΕΛΛΑΣ,ΚΩΣ,ΔΩΔΕΚΑΝΗΣΑ
57200,ΛΑΓΚΑΔΑΣ,ΕΛΛΑΣ,ΘΕΣΣΑΛΟΝΙΚΗ,ΘΕΣΣΑΛΟΝΙΚΗ
57020,ΛΑΓΚΑΔΙΚΙΑ,ΕΛΛΑΣ,ΘΕΣΣΑΛΟΝΙΚΗ,ΘΕΣΣΑΛΟΝΙΚΗ
23061,ΛΑΚΩΝΙΑΣ,ΕΛΛΑΣ,ΑΓΙΟΣ ΝΙΚΟΛΑΟΣ ΛΑΚΩΝ,ΛΑΚΩΝΙΑ
23062,ΛΑΚΩΝΙΑΣ,ΕΛΛΑΣ,ΑΡΕΟΠΟΛΗ,ΛΑΚΩΝΙΑ
23055,ΛΑΚΩΝΙΑΣ,ΕΛΛΑΣ,ΒΛΑΧΙΩΤΗ,ΛΑΚΩΝΙΑ
23069,ΛΑΚΩΝΙΑΣ,ΕΛΛΑΣ,ΒΡΕΣΘΕΝΑ,ΛΑΚΩΝΙΑ
23058,ΛΑΚΩΝΙΑΣ,ΕΛΛΑΣ,ΓΕΡΑΚΙ,ΛΑΚΩΝΙΑ
23071,ΛΑΚΩΝΙΑΣ,ΕΛΛΑΣ,ΓΕΡΟΛΙΜΕΝΑΣ,ΛΑΚΩΝΙΑ
23065,ΛΑΚΩΝΙΑΣ,ΕΛΛΑΣ,ΓΕΩΡΓΙΤΣΙ,ΛΑΚΩΝΙΑ
23200,ΛΑΚΩΝΙΑΣ,ΕΛΛΑΣ,ΓΥΘΕΙΟ,ΛΑΚΩΝΙΑ
23067,ΛΑΚΩΝΙΑΣ,ΕΛΛΑΣ,ΚΑΡΥΕΣ ΛΑΚΩΝΙΑΣ,ΛΑΚΩΝΙΑ
23059,ΛΑΚΩΝΙΑΣ,ΕΛΛΑΣ,ΚΑΣΤΟΡΕΙΟ,ΛΑΚΩΝΙΑ
23069,ΛΑΚΩΝΙΑΣ,ΕΛΛΑΣ,ΚΑΣΤΟΡΕΙΟ,ΛΑΚΩΝΙΑ
23066,ΛΑΚΩΝΙΑΣ,ΕΛΛΑΣ,ΚΟΤΡΩΝΑΣ,ΛΑΚΩΝΙΑ
23057,ΛΑΚΩΝΙΑΣ,ΕΛΛΑΣ,ΚΡΟΚΕΕΣ,ΛΑΚΩΝΙΑ
23052,ΛΑΚΩΝΙΑΣ,ΕΛΛΑΣ,ΜΟΛΑΟΙ,ΛΑΚΩΝΙΑ
23070,ΛΑΚΩΝΙΑΣ,ΕΛΛΑΣ,ΜΟΝΕΜΒΑΣΙΑ,ΛΑΚΩΝΙΑ
23053,ΛΑΚΩΝΙΑΣ,ΕΛΛΑΣ,ΝΕΑΠΟΛΗ ΛΑΚΩΝΙΑΣ,ΛΑΚΩΝΙΑ
23060,ΛΑΚΩΝΙΑΣ,ΕΛΛΑΣ,ΝΙΑΤΑ,ΛΑΚΩΝΙΑ
23054,ΛΑΚΩΝΙΑΣ,ΕΛΛΑΣ,ΞΗΡΟΚΑΜΠΙ,ΛΑΚΩΝΙΑ
23056,ΛΑΚΩΝΙΑΣ,ΕΛΛΑΣ,ΠΑΠΑΔΙΑΝΙΚΑ,ΛΑΚΩΝΙΑ
23063,ΛΑΚΩΝΙΑΣ,ΕΛΛΑΣ,ΠΥΡΓΟΣ ΔΙΡΟΥ,ΛΑΚΩΝΙΑ
23068,ΛΑΚΩΝΙΑΣ,ΕΛΛΑΣ,ΡΕΙΧΕΑ,ΛΑΚΩΝΙΑ
23064,ΛΑΚΩΝΙΑΣ,ΕΛΛΑΣ,ΣΕΛΑΣΙΑ,ΛΑΚΩΝΙΑ
23051,ΛΑΚΩΝΙΑΣ,ΕΛΛΑΣ,ΣΚΑΛΑ,ΛΑΚΩΝΙΑ
23100,ΛΑΚΩΝΙΑΣ,ΕΛΛΑΣ,ΣΠΑΡΤΗ,ΛΑΚΩΝΙΑ
11142,ΛΑΜΠΡΙΝΗ,ΕΛΛΑΣ,ΑΘΗΝΑ,ΑΤΤΙΚΗ
40400,ΛΑΡΙΣΑΣ,ΕΛΛΑΣ,ΑΜΠΕΛΩΝΑΣ,ΛΑΡΙΣΑ
40004,ΛΑΡΙΣΑΣ,ΕΛΛΑΣ,ΓΟΝΝΟΙ,ΛΑΡΙΣΑ
40200,ΛΑΡΙΣΑΣ,ΕΛΛΑΣ,ΕΛΑΣΣΟΝΑ,ΛΑΡΙΣΑ
40001,ΛΑΡΙΣΑΣ,ΕΛΛΑΣ,ΚΡΑΝΕΑ,ΛΑΡΙΣΑ
40003,ΛΑΡΙΣΑΣ,ΕΛΛΑΣ,ΛΑΡΙΣΑ,ΛΑΡΙΣΑ
40005,ΛΑΡΙΣΑΣ,ΕΛΛΑΣ,ΛΑΡΙΣΑ,ΛΑΡΙΣΑ
41001,ΛΑΡΙΣΑΣ,ΕΛΛΑΣ,ΛΑΡΙΣΑ,ΛΑΡΙΣΑ
41221,ΛΑΡΙΣΑΣ,ΕΛΛΑΣ,ΛΑΡΙΣΑ,ΛΑΡΙΣΑ
41222,ΛΑΡΙΣΑΣ,ΕΛΛΑΣ,ΛΑΡΙΣΑ,ΛΑΡΙΣΑ
41223,ΛΑΡΙΣΑΣ,ΕΛΛΑΣ,ΛΑΡΙΣΑ,ΛΑΡΙΣΑ
41334,ΛΑΡΙΣΑΣ,ΕΛΛΑΣ,ΛΑΡΙΣΑ,ΛΑΡΙΣΑ
41335,ΛΑΡΙΣΑΣ,ΕΛΛΑΣ,ΛΑΡΙΣΑ,ΛΑΡΙΣΑ
41336,ΛΑΡΙΣΑΣ,ΕΛΛΑΣ,ΛΑΡΙΣΑ,ΛΑΡΙΣΑ
41447,ΛΑΡΙΣΑΣ,ΕΛΛΑΣ,ΛΑΡΙΣΑ,ΛΑΡΙΣΑ
41500,ΛΑΡΙΣΑΣ,ΕΛΛΑΣ,ΛΑΡΙΣΑ,ΛΑΡΙΣΑ
40002,ΛΑΡΙΣΑΣ,ΕΛΛΑΣ,ΛΙΒΑΔΙ,ΛΑΡΙΣΑ
40009,ΛΑΡΙΣΑΣ,ΕΛΛΑΣ,ΠΛΑΤΥΚΑΜΠΟΣ,ΛΑΡΙΣΑ
40007,ΛΑΡΙΣΑΣ,ΕΛΛΑΣ,ΠΥΡΓΕΤΟΣ,ΛΑΡΙΣΑ
40008,ΛΑΡΙΣΑΣ,ΕΛΛΑΣ,ΡΑΨΑΝΗ,ΛΑΡΙΣΑ
40006,ΛΑΡΙΣΑΣ,ΕΛΛΑΣ,ΣΥΚΟΥΡΙ,ΛΑΡΙΣΑ
40010,ΛΑΡΙΣΑΣ,ΕΛΛΑΣ,ΤΣΑΡΙΤΣΑΝΗ,ΛΑΡΙΣΑ
40100,ΛΑΡΙΣΑΣ,ΕΛΛΑΣ,ΤΥΡΝΑΒΟΣ,ΛΑΡΙΣΑ
40011,ΛΑΡΙΣΑΣ,ΕΛΛΑΣ,ΦΑΛΑΝΗ,ΛΑΡΙΣΑ
40300,ΛΑΡΙΣΑΣ,ΕΛΛΑΣ,ΦΑΡΣΑΛΑ,ΛΑΡΙΣΑ
72100,ΛΑΣΙΘΙΟΥ,ΕΛΛΑΣ,ΑΓΙΟΣ ΝΙΚΟΛΑΟΣ,ΛΑΣΙΘΙ
72054,ΛΑΣΙΘΙΟΥ,ΕΛΛΑΣ,ΒΡΑΧΑΣΙ,ΛΑΣΙΘΙ
72053,ΛΑΣΙΘΙΟΥ,ΕΛΛΑΣ,ΕΛΟΥΝΤΑ,ΛΑΣΙΘΙ
72200,ΛΑΣΙΘΙΟΥ,ΕΛΛΑΣ,ΙΕΡΑΠΕΤΡΑ,ΛΑΣΙΘΙ
72051,ΛΑΣΙΘΙΟΥ,ΕΛΛΑΣ,ΚΡΙΤΣΑ,ΛΑΣΙΘΙ
72056,ΛΑΣΙΘΙΟΥ,ΕΛΛΑΣ,ΜΑΛΕΣ,ΛΑΣΙΘΙ
72400,ΛΑΣΙΘΙΟΥ,ΕΛΛΑΣ,ΝΕΑΠΟΛΗ,ΛΑΣΙΘΙ
72300,ΛΑΣΙΘΙΟΥ,ΕΛΛΑΣ,ΣΗΤΕΙΑ,ΛΑΣΙΘΙ
72055,ΛΑΣΙΘΙΟΥ,ΕΛΛΑΣ,ΣΤΑΥΡΟΧΩΡΙ,ΛΑΣΙΘΙ
72052,ΛΑΣΙΘΙΟΥ,ΕΛΛΑΣ,ΤΖΕΡΜΙΑΔΟ,ΛΑΣΙΘΙ
72057,ΛΑΣΙΘΙΟΥ,ΕΛΛΑΣ,ΤΟΥΡΛΩΤΗ,ΛΑΣΙΘΙ
72058,ΛΑΣΙΘΙΟΥ,ΕΛΛΑΣ,ΦΟΥΡΝΗ,ΛΑΣΙΘΙ
72059,ΛΑΣΙΘΙΟΥ,ΕΛΛΑΣ,ΧΑΝΔΡΑΣ,ΛΑΣΙΘΙ
19500,ΛΑΥΡΙΟ,ΕΛΛΑΣ,ΛΑΥΡΙΟ,ΑΤΤΙΚΗ
85001,ΛΕΙΨΟΙ,ΕΛΛΑΣ,ΛΕΙΨΟΙ,ΔΩΔΕΚΑΝΗΣΑ
85401,ΛΕΡΟΣ,ΕΛΛΑΣ,ΛΑΚΚΙ ΛΕΡΟΥ,ΔΩΔΕΚΑΝΗΣΑ
85400,ΛΕΡΟΣ,ΕΛΛΑΣ,ΛΕΡΟΣ,ΔΩΔΕΚΑΝΗΣΑ
31083,ΛΕΥΚΑΔΑ,ΕΛΛΑΣ,ΒΑΘΥ,ΛΕΥΚΑΔΑ
31082,ΛΕΥΚΑΔΑ,ΕΛΛΑΣ,ΒΑΣΙΛΙΚΗ,ΛΕΥΚΑΔΑ
31081,ΛΕΥΚΑΔΑ,ΕΛΛΑΣ,ΚΑΛΑΜΟΣ,ΛΕΥΚΑΔΑ
31080,ΛΕΥΚΑΔΑ,ΕΛΛΑΣ,ΚΑΡΥΑ,ΛΕΥΚΑΔΑ
31100,ΛΕΥΚΑΔΑ,ΕΛΛΑΣ,ΛΕΥΚΑΔΑ,ΛΕΥΚΑΔΑ
81401,ΛΗΜΝΟΣ,ΕΛΛΑΣ,ΜΟΥΔΡΟΣ,ΛΕΣΒΟΣ
81400,ΛΗΜΝΟΣ,ΕΛΛΑΣ,ΜΥΡΙΝΑ,ΛΕΣΒΟΣ
54500,ΛΗΤΗ,ΕΛΛΑΣ,ΘΕΣΣΑΛΟΝΙΚΗ,ΘΕΣΣΑΛΟΝΙΚΗ
14123,ΛΥΚΟΒΡΥΣΗ,ΕΛΛΑΣ,ΑΘΗΝΑ,ΑΤΤΙΚΗ
37200,ΜΑΓΝΗΣΙΑΣ,ΕΛΛΑΣ,ΑΓΙΟΣ ΓΕΩΡΓΙΟΣ,ΜΑΓΝΗΣΙΑ
37300,ΜΑΓΝΗΣΙΑΣ,ΕΛΛΑΣ,ΑΓΡΙΑ,ΜΑΓΝΗΣΙΑ
37100,ΜΑΓΝΗΣΙΑΣ,ΕΛΛΑΣ,ΑΛΜΥΡΟΣ,ΜΑΓΝΗΣΙΑ
37006,ΜΑΓΝΗΣΙΑΣ,ΕΛΛΑΣ,ΑΡΓΛΑΛΑΣΤΗ,ΜΑΓΝΗΣΙΑ
37500,ΜΑΓΝΗΣΙΑΣ,ΕΛΛΑΣ,ΒΕΛΕΣΤΙΝΟ,ΜΑΓΝΗΣΙΑ
38221,ΜΑΓΝΗΣΙΑΣ,ΕΛΛΑΣ,ΒΟΛΟΣ,ΜΑΓΝΗΣΙΑ
38222,ΜΑΓΝΗΣΙΑΣ,ΕΛΛΑΣ,ΒΟΛΟΣ,ΜΑΓΝΗΣΙΑ
38300,ΜΑΓΝΗΣΙΑΣ,ΕΛΛΑΣ,ΒΟΛΟΣ,ΜΑΓΝΗΣΙΑ
38322,ΜΑΓΝΗΣΙΑΣ,ΕΛΛΑΣ,ΒΟΛΟΣ,ΜΑΓΝΗΣΙΑ
38331,ΜΑΓΝΗΣΙΑΣ,ΕΛΛΑΣ,ΒΟΛΟΣ,ΜΑΓΝΗΣΙΑ
38333,ΜΑΓΝΗΣΙΑΣ,ΕΛΛΑΣ,ΒΟΛΟΣ,ΜΑΓΝΗΣΙΑ
38334,ΜΑΓΝΗΣΙΑΣ,ΕΛΛΑΣ,ΒΟΛΟΣ,ΜΑΓΝΗΣΙΑ
38445,ΜΑΓΝΗΣΙΑΣ,ΕΛΛΑΣ,ΒΟΛΟΣ,ΜΑΓΝΗΣΙΑ
38446,ΜΑΓΝΗΣΙΑΣ,ΕΛΛΑΣ,ΒΟΛΟΣ,ΜΑΓΝΗΣΙΑ
38500,ΜΑΓΝΗΣΙΑΣ,ΕΛΛΑΣ,ΒΟΛΟΣ,ΜΑΓΝΗΣΙΑ
37001,ΜΑΓΝΗΣΙΑΣ,ΕΛΛΑΣ,ΖΑΓΟΡΑ,ΜΑΓΝΗΣΙΑ
37010,ΜΑΓΝΗΣΙΑΣ,ΕΛΛΑΣ,ΜΗΛΙΕΣ,ΜΑΓΝΗΣΙΑ
37013,ΜΑΓΝΗΣΙΑΣ,ΕΛΛΑΣ,ΜΗΛΙΝΑ,ΜΑΓΝΗΣΙΑ
37400,ΜΑΓΝΗΣΙΑΣ,ΕΛΛΑΣ,ΝΕΑ ΑΓΧΙΑΛΟΣ,ΜΑΓΝΗΣΙΑ
37011,ΜΑΓΝΗΣΙΑΣ,ΕΛΛΑΣ,ΠΟΡΤΑΡΙΑ,ΜΑΓΝΗΣΙΑ
37007,ΜΑΓΝΗΣΙΑΣ,ΕΛΛΑΣ,ΠΤΕΛΕΟΣ,ΜΑΓΝΗΣΙΑ
37008,ΜΑΓΝΗΣΙΑΣ,ΕΛΛΑΣ,ΣΟΥΡΠΗ,ΜΑΓΝΗΣΙΑ
37009,ΜΑΓΝΗΣΙΑΣ,ΕΛΛΑΣ,ΤΡΙΚΕΡΙ,ΜΑΓΝΗΣΙΑ
37012,ΜΑΓΝΗΣΙΑΣ,ΕΛΛΑΣ,ΤΣΑΓΚΑΡΑΔΑ,ΜΑΓΝΗΣΙΑ
11742,ΜΑΚΡΥΓΙΑΝΝΗ,ΕΛΛΑΣ,ΑΘΗΝΑ,ΑΤΤΙΚΗ
19600,ΜΑΝΔΡΑ,ΕΛΛΑΣ,ΜΑΝΔΡΑ,ΑΤΤΙΚΗ
18543,ΜΑΝΙΑΤΙΚΑ,ΕΛΛΑΣ,ΠΕΙΡΑΙΑΣ,ΑΤΤΙΚΗ
19007,ΜΑΡΑΘΩΝΑΣ,ΕΛΛΑΣ,ΜΑΡΑΘΩΝΑΣ,ΑΤΤΙΚΗ
19003,ΜΑΡΚΟΠΟΥΛΟ,ΕΛΛΑΣ,ΜΑΡΚΟΠΟΥΛΟ,ΑΤΤΙΚΗ
15122,ΜΑΡΟΥΣΙ,ΕΛΛΑΣ,ΑΘΗΝΑ,ΑΤΤΙΚΗ
15123,ΜΑΡΟΥΣΙ,ΕΛΛΑΣ,ΑΘΗΝΑ,ΑΤΤΙΚΗ
15124,ΜΑΡΟΥΣΙ,ΕΛΛΑΣ,ΑΘΗΝΑ,ΑΤΤΙΚΗ
15125,ΜΑΡΟΥΣΙ,ΕΛΛΑΣ,ΑΘΗΝΑ,ΑΤΤΙΚΗ
15126,ΜΑΡΟΥΣΙ,ΕΛΛΑΣ,ΑΘΗΝΑ,ΑΤΤΙΚΗ
19100,ΜΕΓΑΡΑ,ΕΛΛΑΣ,ΜΕΓΑΡΑ,ΑΤΤΙΚΗ
18030,ΜΕΘΑΝΑ,ΕΛΛΑΣ,ΜΕΘΑΝΑ,ΑΤΤΙΚΗ
15127,ΜΕΛΙΣΣΙΑ,ΕΛΛΑΣ,ΑΘΗΝΑ,ΑΤΤΙΚΗ
57018,ΜΕΛΙΣΣΟΧΩΡΙ,ΕΛΛΑΣ,ΘΕΣΣΑΛΟΝΙΚΗ,ΘΕΣΣΑΛΟΝΙΚΗ
54628,ΜΕΝΕΜΕΝΗ,ΕΛΛΑΣ,ΘΕΣΣΑΛΟΝΙΚΗ,ΘΕΣΣΑΛΟΝΙΚΗ
24024,ΜΕΣΣΗΝΙΑΣ,ΕΛΛΑΣ,ΑΓΙΟΣ ΝΙΚΟΛΑΟΣ,ΜΕΣΣΗΝΙΑ
24017,ΜΕΣΣΗΝΙΑΣ,ΕΛΛΑΣ,ΑΕΤΟΣ,ΜΕΣΣΗΝΙΑ
24020,ΜΕΣΣΗΝΙΑΣ,ΕΛΛΑΣ,ΑΛΑΓΟΝΙΑ,ΜΕΣΣΗΝΙΑ
24013,ΜΕΣΣΗΝΙΑΣ,ΕΛΛΑΣ,ΑΝΔΡΟΥΣΑ,ΜΕΣΣΗΝΙΑ
24012,ΜΕΣΣΗΝΙΑΣ,ΕΛΛΑΣ,ΑΡΙΣ,ΜΕΣΣΗΝΙΑ
24015,ΜΕΣΣΗΝΙΑΣ,ΕΛΛΑΣ,ΑΡΙΣΤΟΜΕΝΗΣ,ΜΕΣΣΗΝΙΑ
24007,ΜΕΣΣΗΝΙΑΣ,ΕΛΛΑΣ,ΑΡΦΑΡΑ,ΜΕΣΣΗΝΙΑ
24400,ΜΕΣΣΗΝΙΑΣ,ΕΛΛΑΣ,ΓΑΡΓΑΛΙΑΝΟΙ,ΜΕΣΣΗΝΙΑ
24008,ΜΕΣΣΗΝΙΑΣ,ΕΛΛΑΣ,ΔΙΑΒΟΛΙΤΣΙ,ΜΕΣΣΗΝΙΑ
24011,ΜΕΣΣΗΝΙΑΣ,ΕΛΛΑΣ,ΔΩΡΙΟ,ΜΕΣΣΗΝΙΑ
24009,ΜΕΣΣΗΝΙΑΣ,ΕΛΛΑΣ,ΘΟΥΡΙΑ,ΜΕΣΣΗΝΙΑ
24100,ΜΕΣΣΗΝΙΑΣ,ΕΛΛΑΣ,ΚΑΛΑΜΑΤΑ,ΜΕΣΣΗΝΙΑ
24101,ΜΕΣΣΗΝΙΑΣ,ΕΛΛΑΣ,ΚΑΛΑΜΑΤΑ,ΜΕΣΣΗΝΙΑ
24016,ΜΕΣΣΗΝΙΑΣ,ΕΛΛΑΣ,ΚΑΜΠΟΣ,ΜΕΣΣΗΝΙΑ
24022,ΜΕΣΣΗΝΙΑΣ,ΕΛΛΑΣ,ΚΑΡΔΑΜΥΛΗ,ΜΕΣΣΗΝΙΑ
24003,ΜΕΣΣΗΝΙΑΣ,ΕΛΛΑΣ,ΚΟΠΑΝΑΚΙ,ΜΕΣΣΗΝΙΑ
24004,ΜΕΣΣΗΝΙΑΣ,ΕΛΛΑΣ,ΚΟΡΩΝΗ,ΜΕΣΣΗΝΙΑ
24500,ΜΕΣΣΗΝΙΑΣ,ΕΛΛΑΣ,ΚΥΠΑΡΙΣΣΙΑ,ΜΕΣΣΗΝΙΑ
24010,ΜΕΣΣΗΝΙΑΣ,ΕΛΛΑΣ,ΛΟΓΓΑ,ΜΕΣΣΗΝΙΑ
24006,ΜΕΣΣΗΝΙΑΣ,ΕΛΛΑΣ,ΜΕΘΩΝΗ,ΜΕΣΣΗΝΙΑ
24002,ΜΕΣΣΗΝΙΑΣ,ΕΛΛΑΣ,ΜΕΛΙΓΑΛΑΣ,ΜΕΣΣΗΝΙΑ
24200,ΜΕΣΣΗΝΙΑΣ,ΕΛΛΑΣ,ΜΕΣΣΗΝΗ,ΜΕΣΣΗΝΙΑ
24600,ΜΕΣΣΗΝΙΑΣ,ΕΛΛΑΣ,ΜΕΣΣΗΝΗ,ΜΕΣΣΗΝΙΑ
24019,ΜΕΣΣΗΝΙΑΣ,ΕΛΛΑΣ,ΟΙΧΑΛΙΑ,ΜΕΣΣΗΝΙΑ
24005,ΜΕΣΣΗΝΙΑΣ,ΕΛΛΑΣ,ΠΕΤΑΛΙΔΙ,ΜΕΣΣΗΝΙΑ
24023,ΜΕΣΣΗΝΙΑΣ,ΕΛΛΑΣ,ΠΛΑΤΣΑ,ΜΕΣΣΗΝΙΑ
24001,ΜΕΣΣΗΝΙΑΣ,ΕΛΛΑΣ,ΠΥΛΟΣ,ΜΕΣΣΗΝΙΑ
24021,ΜΕΣΣΗΝΙΑΣ,ΕΛΛΑΣ,ΣΙΔΗΡΟΚΑΣΤΡΟ,ΜΕΣΣΗΝΙΑ
24300,ΜΕΣΣΗΝΙΑΣ,ΕΛΛΑΣ,ΦΙΛΙΑΤΡΑ,ΜΕΣΣΗΝΙΑ
24014,ΜΕΣΣΗΝΙΑΣ,ΕΛΛΑΣ,ΧΑΤΖΗΣ,ΜΕΣΣΗΝΙΑ
24018,ΜΕΣΣΗΝΙΑΣ,ΕΛΛΑΣ,ΨΑΡΙ,ΜΕΣΣΗΝΙΑ
14451,ΜΕΤΑΜΟΡΦΩΣΗ,ΕΛΛΑΣ,ΑΘΗΝΑ,ΑΤΤΙΚΗ
14452,ΜΕΤΑΜΟΡΦΩΣΗ,ΕΛΛΑΣ,ΑΘΗΝΑ,ΑΤΤΙΚΗ
10435,ΜΕΤΑΞΟΥΡΓΕΙΟ,ΕΛΛΑΣ,ΑΘΗΝΑ,ΑΤΤΙΚΗ
10436,ΜΕΤΑΞΟΥΡΓΕΙΟ,ΕΛΛΑΣ,ΑΘΗΝΑ,ΑΤΤΙΚΗ
84801,ΜΗΛΟΣ,ΕΛΛΑΣ,ΑΔΑΜΑΝΤΑΣ,ΚΥΚΛΑΔΕΣ
84800,ΜΗΛΟΣ,ΕΛΛΑΣ,ΜΗΛΟΣ,ΚΥΚΛΑΔΕΣ
54500,ΜΟΝΟΛΟΦΟ,ΕΛΛΑΣ,ΘΕΣΣΑΛΟΝΙΚΗ,ΘΕΣΣΑΛΟΝΙΚΗ
18344,ΜΟΣΧΑΤΟ,ΕΛΛΑΣ,ΠΕΙΡΑΙΑΣ,ΑΤΤΙΚΗ
18345,ΜΟΣΧΑΤΟ,ΕΛΛΑΣ,ΠΕΙΡΑΙΑΣ,ΑΤΤΙΚΗ
18346,ΜΟΣΧΑΤΟ,ΕΛΛΑΣ,ΠΕΙΡΑΙΑΣ,ΑΤΤΙΚΗ
84600,ΜΥΚΟΝΟΣ,ΕΛΛΑΣ,ΜΥΚΟΝΟΣ,ΚΥΚΛΑΔΕΣ
81102,ΜΥΤΙΛΗΝΗ,ΕΛΛΑΣ,ΑΓΙΑ ΠΑΡΑΣΚΕΥΗ,ΛΕΣΒΟΣ
81101,ΜΥΤΙΛΗΝΗ,ΕΛΛΑΣ,ΑΓΙΑΣΟΣ,ΛΕΣΒΟΣ
81103,ΜΥΤΙΛΗΝΗ,ΕΛΛΑΣ,ΑΝΤΙΣΣΑ,ΛΕΣΒΟΣ
81110,ΜΥΤΙΛΗΝΗ,ΕΛΛΑΣ,ΒΑΤΟΥΣΑ,ΛΕΣΒΟΣ
81105,ΜΥΤΙΛΗΝΗ,ΕΛΛΑΣ,ΕΡΕΣΟΣ,ΛΕΣΒΟΣ
81107,ΜΥΤΙΛΗΝΗ,ΕΛΛΑΣ,ΚΑΛΛΟΝΗ,ΛΕΣΒΟΣ
81104,ΜΥΤΙΛΗΝΗ,ΕΛΛΑΣ,ΜΑΝΤΑΜΑΔΟΣ,ΛΕΣΒΟΣ
81108,ΜΥΤΙΛΗΝΗ,ΕΛΛΑΣ,ΜΗΘΥΜΝΑ,ΛΕΣΒΟΣ
81100,ΜΥΤΙΛΗΝΗ,ΕΛΛΑΣ,ΜΥΤΙΛΗΝΗ,ΛΕΣΒΟΣ
81106,ΜΥΤΙΛΗΝΗ,ΕΛΛΑΣ,ΠΑΠΠΑΔΟΣ,ΛΕΣΒΟΣ
81111,ΜΥΤΙΛΗΝΗ,ΕΛΛΑΣ,ΠΕΡΑΜΑ,ΛΕΣΒΟΣ
81109,ΜΥΤΙΛΗΝΗ,ΕΛΛΑΣ,ΠΕΤΡΑ,ΛΕΣΒΟΣ
81200,ΜΥΤΙΛΗΝΗ,ΕΛΛΑΣ,ΠΛΩΜΑΡΙ,ΛΕΣΒΟΣ
81300,ΜΥΤΙΛΗΝΗ,ΕΛΛΑΣ,ΠΟΛΙΧΝΙΤΟΣ,ΛΕΣΒΟΣ
81113,ΜΥΤΙΛΗΝΗ,ΕΛΛΑΣ,ΦΙΛΙΑ,ΛΕΣΒΟΣ
70003,Ν. ΗΡΑΚΛΕΙΟΥ,ΕΛΛΑΣ,ΑΓΙΑ ΒΑΡΒΑΡΑ,ΗΡΑΚΛΕΙΟ
70012,Ν. ΗΡΑΚΛΕΙΟΥ,ΕΛΛΑΣ,ΑΓΙΟΙ ΔΕΚΑ,ΗΡΑΚΛΕΙΟ
70013,Ν. ΗΡΑΚΛΕΙΟΥ,ΕΛΛΑΣ,ΑΓΙΟΣ ΜΥΡΩΝΑΣ,ΗΡΑΚΛΕΙΟ
70004,Ν. ΗΡΑΚΛΕΙΟΥ,ΕΛΛΑΣ,ΑΝΩ ΒΙΑΝΝΟΣ,ΗΡΑΚΛΕΙΟ
70300,Ν. ΗΡΑΚΛΕΙΟΥ,ΕΛΛΑΣ,ΑΡΚΑΛΟΧΩΡΙ,ΗΡΑΚΛΕΙΟ
70100,Ν. ΗΡΑΚΛΕΙΟΥ,ΕΛΛΑΣ,ΑΡΧΑΝΕΣ,ΗΡΑΚΛΕΙΟ
70016,Ν. ΗΡΑΚΛΕΙΟΥ,ΕΛΛΑΣ,ΑΣΗΜΙ,ΗΡΑΚΛΕΙΟ
71414,Ν. ΗΡΑΚΛΕΙΟΥ,ΕΛΛΑΣ,ΓΑΖΙ,ΗΡΑΚΛΕΙΟ
70017,Ν. ΗΡΑΚΛΕΙΟΥ,ΕΛΛΑΣ,ΓΕΡΓΕΡΗ,ΗΡΑΚΛΕΙΟ
70011,Ν. ΗΡΑΚΛΕΙΟΥ,ΕΛΛΑΣ,ΔΑΦΝΕΣ,ΗΡΑΚΛΕΙΟ
70015,Ν. ΗΡΑΚΛΕΙΟΥ,ΕΛΛΑΣ,ΕΜΠΑΡΟΣ,ΗΡΑΚΛΕΙΟ
70008,Ν. ΗΡΑΚΛΕΙΟΥ,ΕΛΛΑΣ,ΕΠΙΣΚΟΠΗ ΗΡΑΚΛΕΙΟΥ,ΗΡΑΚΛΕΙΟ
70002,Ν. ΗΡΑΚΛΕΙΟΥ,ΕΛΛΑΣ,ΖΑΡΟΣ,ΗΡΑΚΛΕΙΟ
70015,Ν. ΗΡΑΚΛΕΙΟΥ,ΕΛΛΑΣ,ΗΡΑΚΛΕΙΟ,ΗΡΑΚΛΕΙΟ
71201,Ν. ΗΡΑΚΛΕΙΟΥ,ΕΛΛΑΣ,ΗΡΑΚΛΕΙΟ,ΗΡΑΚΛΕΙΟ
71202,Ν. ΗΡΑΚΛΕΙΟΥ,ΕΛΛΑΣ,ΗΡΑΚΛΕΙΟ,ΗΡΑΚΛΕΙΟ
71303,Ν. ΗΡΑΚΛΕΙΟΥ,ΕΛΛΑΣ,ΗΡΑΚΛΕΙΟ,ΗΡΑΚΛΕΙΟ
71304,Ν. ΗΡΑΚΛΕΙΟΥ,ΕΛΛΑΣ,ΗΡΑΚΛΕΙΟ,ΗΡΑΚΛΕΙΟ
71305,Ν. ΗΡΑΚΛΕΙΟΥ,ΕΛΛΑΣ,ΗΡΑΚΛΕΙΟ,ΗΡΑΚΛΕΙΟ
71306,Ν. ΗΡΑΚΛΕΙΟΥ,ΕΛΛΑΣ,ΗΡΑΚΛΕΙΟ,ΗΡΑΚΛΕΙΟ
71307,Ν. ΗΡΑΚΛΕΙΟΥ,ΕΛΛΑΣ,ΗΡΑΚΛΕΙΟ,ΗΡΑΚΛΕΙΟ
71309,Ν. ΗΡΑΚΛΕΙΟΥ,ΕΛΛΑΣ,ΗΡΑΚΛΕΙΟ,ΗΡΑΚΛΕΙΟ
71314,Ν. ΗΡΑΚΛΕΙΟΥ,ΕΛΛΑΣ,ΗΡΑΚΛΕΙΟ,ΗΡΑΚΛΕΙΟ
71408,Ν. ΗΡΑΚΛΕΙΟΥ,ΕΛΛΑΣ,ΗΡΑΚΛΕΙΟ,ΗΡΑΚΛΕΙΟ
71409,Ν. ΗΡΑΚΛΕΙΟΥ,ΕΛΛΑΣ,ΗΡΑΚΛΕΙΟ,ΗΡΑΚΛΕΙΟ
71410,Ν. ΗΡΑΚΛΕΙΟΥ,ΕΛΛΑΣ,ΗΡΑΚΛΕΙΟ,ΗΡΑΚΛΕΙΟ
71500,Ν. ΗΡΑΚΛΕΙΟΥ,ΕΛΛΑΣ,ΗΡΑΚΛΕΙΟ,ΗΡΑΚΛΕΙΟ
70006,Ν. ΗΡΑΚΛΕΙΟΥ,ΕΛΛΑΣ,ΚΑΣΤΕΛΙ,ΗΡΑΚΛΕΙΟ
70001,Ν. ΗΡΑΚΛΕΙΟΥ,ΕΛΛΑΣ,ΚΡΟΥΣΩΝΑΣ,ΗΡΑΚΛΕΙΟ
70014,Ν. ΗΡΑΚΛΕΙΟΥ,ΕΛΛΑΣ,ΛΙΜΕΝΑΣ ΧΕΡΣΟΝΗΣΟΥ,ΗΡΑΚΛΕΙΟ
70007,Ν. ΗΡΑΚΛΕΙΟΥ,ΕΛΛΑΣ,ΜΑΛΙΑ,ΗΡΑΚΛΕΙΟ
70400,Ν. ΗΡΑΚΛΕΙΟΥ,ΕΛΛΑΣ,ΜΟΙΡΕΣ,ΗΡΑΚΛΕΙΟ
70005,Ν. ΗΡΑΚΛΕΙΟΥ,ΕΛΛΑΣ,ΜΟΧΟΣ,ΗΡΑΚΛΕΙΟ
71601,Ν. ΗΡΑΚΛΕΙΟΥ,ΕΛΛΑΣ,Ν.ΑΛΙΚΑΡΝΑΣΣΟΣ,ΗΡΑΚΛΕΙΟ
70009,Ν. ΗΡΑΚΛΕΙΟΥ,ΕΛΛΑΣ,ΠΟΜΠΙΑ,ΗΡΑΚΛΕΙΟ
70010,Ν. ΗΡΑΚΛΕΙΟΥ,ΕΛΛΑΣ,ΠΥΡΓΟΣ,ΗΡΑΚΛΕΙΟ
70200,Ν. ΗΡΑΚΛΕΙΟΥ,ΕΛΛΑΣ,ΤΥΜΠΑΚΙ,ΗΡΑΚΛΕΙΟ
74056,Ν. ΡΕΘΥΜΝΟΥ,ΕΛΛΑΣ,ΑΓΙΑ ΓΑΛΗΝΗ,ΡΕΘΥΜΝΟ
74061,Ν. ΡΕΘΥΜΝΟΥ,ΕΛΛΑΣ,ΑΜΑΡΙ,ΡΕΘΥΜΝΟ
74051,Ν. ΡΕΘΥΜΝΟΥ,ΕΛΛΑΣ,ΑΝΩΓΕΙΑ,ΡΕΘΥΜΝΟ
74059,Ν. ΡΕΘΥΜΝΟΥ,ΕΛΛΑΣ,ΑΠΟΔΟΥΛΟΥ,ΡΕΘΥΜΝΟ
74062,Ν. ΡΕΘΥΜΝΟΥ,ΕΛΛΑΣ,ΒΙΖΑΡΙ,ΡΕΘΥΜΝΟ
74054,Ν. ΡΕΘΥΜΝΟΥ,ΕΛΛΑΣ,ΓΑΡΑΖΟ,ΡΕΘΥΜΝΟ
74055,Ν. ΡΕΘΥΜΝΟΥ,ΕΛΛΑΣ,ΕΠΙΣΚΟΠΗ,ΡΕΘΥΜΝΟ
74000,Ν. ΡΕΘΥΜΝΟΥ,ΕΛΛΑΣ,ΜΥΡΘΙΟΣ,ΡΕΘΥΜΝΟ
74060,Ν. ΡΕΘΥΜΝΟΥ,ΕΛΛΑΣ,ΜΥΡΘΙΟΣ,ΡΕΘΥΜΝΟ
74057,Ν. ΡΕΘΥΜΝΟΥ,ΕΛΛΑΣ,ΠΑΝΟΡΜΟΣ,ΡΕΘΥΜΝΟ
74052,Ν. ΡΕΘΥΜΝΟΥ,ΕΛΛΑΣ,ΠΕΡΑΜΑ,ΡΕΘΥΜΝΟ
74100,Ν. ΡΕΘΥΜΝΟΥ,ΕΛΛΑΣ,ΡΕΘΥΜΝΟ,ΡΕΘΥΜΝΟ
74058,Ν. ΡΕΘΥΜΝΟΥ,ΕΛΛΑΣ,ΡΟΥΣΤΙΚΑ,ΡΕΘΥΜΝΟ
74053,Ν. ΡΕΘΥΜΝΟΥ,ΕΛΛΑΣ,ΣΠΗΛΙ,ΡΕΘΥΜΝΟ
73005,Ν. ΧΑΝΙΩΝ,ΕΛΛΑΣ,ΑΛΙΚΙΑΝΟΣ,ΧΑΝΙΑ
73013,Ν. ΧΑΝΙΩΝ,ΕΛΛΑΣ,ΑΣΚΥΦΟΣ,ΧΑΝΙΑ
73012,Ν. ΧΑΝΙΩΝ,ΕΛΛΑΣ,ΒΑΘΗ,ΧΑΝΙΑ
73008,Ν. ΧΑΝΙΩΝ,ΕΛΛΑΣ,ΒΑΜΟΣ,ΧΑΝΙΑ
73002,Ν. ΧΑΝΙΩΝ,ΕΛΛΑΣ,ΒΟΥΚΟΛΙΕΣ,ΧΑΝΙΑ
73007,Ν. ΧΑΝΙΩΝ,ΕΛΛΑΣ,ΒΡΥΣΕΣ,ΧΑΝΙΑ
73003,Ν. ΧΑΝΙΩΝ,ΕΛΛΑΣ,ΚΑΛΥΒΕΣ,ΧΑΝΙΑ
73004,Ν. ΧΑΝΙΩΝ,ΕΛΛΑΣ,ΚΑΝΔΑΝΟΣ,ΧΑΝΙΑ
73400,Ν. ΧΑΝΙΩΝ,ΕΛΛΑΣ,ΚΙΣΣΑΜΟΣ,ΧΑΝΙΑ
73006,Ν. ΧΑΝΙΩΝ,ΕΛΛΑΣ,ΚΟΛΥΜΠΑΡΙ,ΧΑΝΙΑ
73300,Ν. ΧΑΝΙΩΝ,ΕΛΛΑΣ,ΜΟΥΡΝΙΕΣ,ΧΑΝΙΑ
73001,Ν. ΧΑΝΙΩΝ,ΕΛΛΑΣ,ΠΑΛΑΙΟΧΩΡΑ,ΧΑΝΙΑ
73014,Ν. ΧΑΝΙΩΝ,ΕΛΛΑΣ,ΠΛΑΤΑΝΙΑ,ΧΑΝΙΑ
73009,Ν. ΧΑΝΙΩΝ,ΕΛΛΑΣ,ΡΟΔΟΒΑΝΙ,ΧΑΝΙΑ
73200,Ν. ΧΑΝΙΩΝ,ΕΛΛΑΣ,ΣΟΥΔΑ,ΧΑΝΙΑ
73010,Ν. ΧΑΝΙΩΝ,ΕΛΛΑΣ,ΤΟΠΟΛΙΑ,ΧΑΝΙΑ
73100,Ν. ΧΑΝΙΩΝ,ΕΛΛΑΣ,ΧΑΝΙΑ,ΧΑΝΙΑ
73131,Ν. ΧΑΝΙΩΝ,ΕΛΛΑΣ,ΧΑΝΙΑ,ΧΑΝΙΑ
73132,Ν. ΧΑΝΙΩΝ,ΕΛΛΑΣ,ΧΑΝΙΑ,ΧΑΝΙΑ
73133,Ν. ΧΑΝΙΩΝ,ΕΛΛΑΣ,ΧΑΝΙΑ,ΧΑΝΙΑ
73134,Ν. ΧΑΝΙΩΝ,ΕΛΛΑΣ,ΧΑΝΙΑ,ΧΑΝΙΑ
73135,Ν. ΧΑΝΙΩΝ,ΕΛΛΑΣ,ΧΑΝΙΑ,ΧΑΝΙΑ
73136,Ν. ΧΑΝΙΩΝ,ΕΛΛΑΣ,ΧΑΝΙΑ,ΧΑΝΙΑ
73011,Ν. ΧΑΝΙΩΝ,ΕΛΛΑΣ,ΧΩΡΑ ΣΦΑΚΙΩΝ,ΧΑΝΙΑ
84301,ΝΑΞΟΣ,ΕΛΛΑΣ,ΚΟΡΩΝΙΔΑ,ΚΥΚΛΑΔΕΣ
84300,ΝΑΞΟΣ,ΕΛΛΑΣ,ΚΟΥΦΟΝΗΣΙΑ,ΚΥΚΛΑΔΕΣ
84300,ΝΑΞΟΣ,ΕΛΛΑΣ,ΝΑΞΟΣ,ΚΥΚΛΑΔΕΣ
84302,ΝΑΞΟΣ,ΕΛΛΑΣ,ΧΑΛΚΕΙΟ,ΚΥΚΛΑΔΕΣ
57015,ΝΕΑ ΑΠΟΛΛΩΝΙΑ,ΕΛΛΑΣ,ΘΕΣΣΑΛΟΝΙΚΗ,ΘΕΣΣΑΛΟΝΙΚΗ
14671,ΝΕΑ ΕΡΥΘΡΑΙΑ,ΕΛΛΑΣ,ΑΘΗΝΑ,ΑΤΤΙΚΗ
14231,ΝΕΑ ΙΩΝΙΑ,ΕΛΛΑΣ,ΑΘΗΝΑ,ΑΤΤΙΚΗ
14232,ΝΕΑ ΙΩΝΙΑ,ΕΛΛΑΣ,ΑΘΗΝΑ,ΑΤΤΙΚΗ
14233,ΝΕΑ ΙΩΝΙΑ,ΕΛΛΑΣ,ΑΘΗΝΑ,ΑΤΤΙΚΗ
14234,ΝΕΑ ΙΩΝΙΑ,ΕΛΛΑΣ,ΑΘΗΝΑ,ΑΤΤΙΚΗ
14235,ΝΕΑ ΙΩΝΙΑ,ΕΛΛΑΣ,ΑΘΗΝΑ,ΑΤΤΙΚΗ
13121,ΝΕΑ ΛΙΟΣΙΑ,ΕΛΛΑΣ,ΑΘΗΝΑ,ΑΤΤΙΚΗ
13122,ΝΕΑ ΛΙΟΣΙΑ,ΕΛΛΑΣ,ΑΘΗΝΑ,ΑΤΤΙΚΗ
13123,ΝΕΑ ΛΙΟΣΙΑ,ΕΛΛΑΣ,ΑΘΗΝΑ,ΑΤΤΙΚΗ
19005,ΝΕΑ ΜΑΚΡΗ,ΕΛΛΑΣ,ΝΕΑ ΜΑΚΡΗ,ΑΤΤΙΚΗ
57004,ΝΕΑ ΜΗΧΑΝΙΩΝΑ,ΕΛΛΑΣ,ΘΕΣΣΑΛΟΝΙΚΗ,ΘΕΣΣΑΛΟΝΙΚΗ
19015,ΝΕΑ ΠΑΛΑΤΙΑ,ΕΛΛΑΣ,ΝΕΑ ΠΑΛΑΤΙΑ,ΑΤΤΙΚΗ
19006,ΝΕΑ ΠΕΡΑΜΟΣ,ΕΛΛΑΣ,ΝΕΑ ΠΕΡΑΜΟΣ,ΑΤΤΙΚΗ
17121,ΝΕΑ ΣΜΥΡΝΗ,ΕΛΛΑΣ,ΑΘΗΝΑ,ΑΤΤΙΚΗ
17122,ΝΕΑ ΣΜΥΡΝΗ,ΕΛΛΑΣ,ΑΘΗΝΑ,ΑΤΤΙΚΗ
17123,ΝΕΑ ΣΜΥΡΝΗ,ΕΛΛΑΣ,ΑΘΗΝΑ,ΑΤΤΙΚΗ
17124,ΝΕΑ ΣΜΥΡΝΗ,ΕΛΛΑΣ,ΑΘΗΝΑ,ΑΤΤΙΚΗ
14341,ΝΕΑ ΦΙΛΑΔΕΛΦΕΙΑ,ΕΛΛΑΣ,ΑΘΗΝΑ,ΑΤΤΙΚΗ
14342,ΝΕΑ ΦΙΛΑΔΕΛΦΕΙΑ,ΕΛΛΑΣ,ΑΘΗΝΑ,ΑΤΤΙΚΗ
14343,ΝΕΑ ΦΙΛΑΔΕΛΦΕΙΑ,ΕΛΛΑΣ,ΑΘΗΝΑ,ΑΤΤΙΚΗ
54500,ΝΕΑ ΦΙΛΑΔΕΛΦΕΙΑ,ΕΛΛΑΣ,ΘΕΣΣΑΛΟΝΙΚΗ,ΘΕΣΣΑΛΟΝΙΚΗ
11524,ΝΕΑ ΦΙΛΟΘΕΗ,ΕΛΛΑΣ,ΑΘΗΝΑ,ΑΤΤΙΚΗ
56727,ΝΕΑΠΟΛΗ,ΕΛΛΑΣ,ΘΕΣΣΑΛΟΝΙΚΗ,ΘΕΣΣΑΛΟΝΙΚΗ
56728,ΝΕΑΠΟΛΗ,ΕΛΛΑΣ,ΘΕΣΣΑΛΟΝΙΚΗ,ΘΕΣΣΑΛΟΝΙΚΗ
14121,ΝΕΟ ΗΡΑΚΛΕΙΟ,ΕΛΛΑΣ,ΑΘΗΝΑ,ΑΤΤΙΚΗ
14122,ΝΕΟ ΗΡΑΚΛΕΙΟ,ΕΛΛΑΣ,ΑΘΗΝΑ,ΑΤΤΙΚΗ
18547,ΝΕΟ ΦΑΛΗΡΟ,ΕΛΛΑΣ,ΠΕΙΡΑΙΑΣ,ΑΤΤΙΚΗ
15451,ΝΕΟ ΨΥΧΙΚΟ,ΕΛΛΑΣ,ΑΘΗΝΑ,ΑΤΤΙΚΗ
57019,ΝΕΟΙ ΕΠΙΒΑΤΕΣ,ΕΛΛΑΣ,ΘΕΣΣΑΛΟΝΙΚΗ,ΘΕΣΣΑΛΟΝΙΚΗ
11743,ΝΕΟΣ ΚΟΣΜΟΣ,ΕΛΛΑΣ,ΑΘΗΝΑ,ΑΤΤΙΚΗ
11744,ΝΕΟΣ ΚΟΣΜΟΣ,ΕΛΛΑΣ,ΑΘΗΝΑ,ΑΤΤΙΚΗ
11745,ΝΕΟΣ ΚΟΣΜΟΣ,ΕΛΛΑΣ,ΑΘΗΝΑ,ΑΤΤΙΚΗ
18450,ΝΙΚΑΙΑ,ΕΛΛΑΣ,ΠΕΙΡΑΙΑΣ,ΑΤΤΙΚΗ
18451,ΝΙΚΑΙΑ,ΕΛΛΑΣ,ΠΕΙΡΑΙΑΣ,ΑΤΤΙΚΗ
18452,ΝΙΚΑΙΑ,ΕΛΛΑΣ,ΠΕΙΡΑΙΑΣ,ΑΤΤΙΚΗ
18453,ΝΙΚΑΙΑ,ΕΛΛΑΣ,ΠΕΙΡΑΙΑΣ,ΑΤΤΙΚΗ
18454,ΝΙΚΑΙΑ,ΕΛΛΑΣ,ΠΕΙΡΑΙΑΣ,ΑΤΤΙΚΗ
85303,ΝΙΣΥΡΟΣ,ΕΛΛΑΣ,ΝΙΣΥΡΟΣ,ΔΩΔΕΚΑΝΗΣΑ
67061,ΞΑΝΘΗΣ,ΕΛΛΑΣ,ΑΒΔΗΡΑ,ΞΑΝΘΗ
67064,ΞΑΝΘΗΣ,ΕΛΛΑΣ,ΓΕΝΙΣΕΑ,ΞΑΝΘΗ
67200,ΞΑΝΘΗΣ,ΕΛΛΑΣ,ΕΥΛΑΛΟ,ΞΑΝΘΗ
67300,ΞΑΝΘΗΣ,ΕΛΛΑΣ,ΕΧΙΝΟΣ,ΞΑΝΘΗ
67063,ΞΑΝΘΗΣ,ΕΛΛΑΣ,ΛΑΓΟΣ,ΞΑΝΘΗ
67100,ΞΑΝΘΗΣ,ΕΛΛΑΣ,ΞΑΝΘΗ,ΞΑΝΘΗ
67062,ΞΑΝΘΗΣ,ΕΛΛΑΣ,ΣΤΑΥΡΟΥΠΟΛΗ,ΞΑΝΘΗ
57017,ΞΥΛΟΠΟΛΗ,ΕΛΛΑΣ,ΘΕΣΣΑΛΟΝΙΚΗ,ΘΕΣΣΑΛΟΝΙΚΗ
10431,ΟΜΟΝΟΙΑ,ΕΛΛΑΣ,ΑΘΗΝΑ,ΑΤΤΙΚΗ
10432,ΟΜΟΝΟΙΑ,ΕΛΛΑΣ,ΑΘΗΝΑ,ΑΤΤΙΚΗ
10437,ΟΜΟΝΟΙΑ,ΕΛΛΑΣ,ΑΘΗΝΑ,ΑΤΤΙΚΗ
10678,ΟΜΟΝΟΙΑ,ΕΛΛΑΣ,ΑΘΗΝΑ,ΑΤΤΙΚΗ
10679,ΟΜΟΝΟΙΑ,ΕΛΛΑΣ,ΑΘΗΝΑ,ΑΤΤΙΚΗ
11631,ΠΑΓΚΡΑΤΙ,ΕΛΛΑΣ,ΑΘΗΝΑ,ΑΤΤΙΚΗ
11632,ΠΑΓΚΡΑΤΙ,ΕΛΛΑΣ,ΑΘΗΝΑ,ΑΤΤΙΚΗ
11633,ΠΑΓΚΡΑΤΙ,ΕΛΛΑΣ,ΑΘΗΝΑ,ΑΤΤΙΚΗ
11634,ΠΑΓΚΡΑΤΙ,ΕΛΛΑΣ,ΑΘΗΝΑ,ΑΤΤΙΚΗ
11635,ΠΑΓΚΡΑΤΙ,ΕΛΛΑΣ,ΑΘΗΝΑ,ΑΤΤΙΚΗ
11636,ΠΑΓΚΡΑΤΙ,ΕΛΛΑΣ,ΑΘΗΝΑ,ΑΤΤΙΚΗ
19002,ΠΑΙΑΝΙΑ,ΕΛΛΑΣ,ΠΑΙΑΝΙΑ,ΑΤΤΙΚΗ
54500,ΠΑΛΑΙΟΧΩΡΑ,ΕΛΛΑΣ,ΘΕΣΣΑΛΟΝΙΚΗ,ΘΕΣΣΑΛΟΝΙΚΗ
17561,ΠΑΛΗΟ ΦΑΛΗΡΟ,ΕΛΛΑΣ,ΑΘΗΝΑ,ΑΤΤΙΚΗ
17562,ΠΑΛΗΟ ΦΑΛΗΡΟ,ΕΛΛΑΣ,ΑΘΗΝΑ,ΑΤΤΙΚΗ
17563,ΠΑΛΗΟ ΦΑΛΗΡΟ,ΕΛΛΑΣ,ΑΘΗΝΑ,ΑΤΤΙΚΗ
17564,ΠΑΛΗΟ ΦΑΛΗΡΟ,ΕΛΛΑΣ,ΑΘΗΝΑ,ΑΤΤΙΚΗ
15344,ΠΑΛΛΗΝΗ,ΕΛΛΑΣ,ΠΑΛΛΗΝΗ,ΑΤΤΙΚΗ
15351,ΠΑΛΛΗΝΗ,ΕΛΛΑΣ,ΠΑΛΛΗΝΗ,ΑΤΤΙΚΗ
55236,ΠΑΝΟΡΑΜΑ,ΕΛΛΑΣ,ΘΕΣΣΑΛΟΝΙΚΗ,ΘΕΣΣΑΛΟΝΙΚΗ
15669,ΠΑΠΑΓΟΣ,ΕΛΛΑΣ,ΑΘΗΝΑ,ΑΤΤΙΚΗ
84400,ΠΑΡΟΣ,ΕΛΛΑΣ,ΛΙΒΑΔΙ,ΚΥΚΛΑΔΕΣ
84401,ΠΑΡΟΣ,ΕΛΛΑΣ,ΝΑΟΥΣΑ,ΚΥΚΛΑΔΕΣ
84400,ΠΑΡΟΣ,ΕΛΛΑΣ,ΠΑΡΟΙΚΙΑ,ΚΥΚΛΑΔΕΣ
84400,ΠΑΡΟΣ,ΕΛΛΑΣ,ΠΑΡΟΣ,ΚΥΚΛΑΔΕΣ
18535,ΠΑΣΑΛΙΜΑΝΙ,ΕΛΛΑΣ,ΠΕΙΡΑΙΑΣ,ΑΤΤΙΚΗ
11141,ΠΑΤΗΣΙΑ,ΕΛΛΑΣ,ΑΘΗΝΑ,ΑΤΤΙΚΗ
11144,ΠΑΤΗΣΙΑ,ΕΛΛΑΣ,ΑΘΗΝΑ,ΑΤΤΙΚΗ
11145,ΠΑΤΗΣΙΑ,ΕΛΛΑΣ,ΑΘΗΝΑ,ΑΤΤΙΚΗ
85500,ΠΑΤΜΟΣ,ΕΛΛΑΣ,ΚΑΜΠΟΣ,ΔΩΔΕΚΑΝΗΣΑ
85500,ΠΑΤΜΟΣ,ΕΛΛΑΣ,ΠΑΤΜΟΣ,ΔΩΔΕΚΑΝΗΣΑ
85500,ΠΑΤΜΟΣ,ΕΛΛΑΣ,ΣΚΑΛΑ,ΔΩΔΕΚΑΝΗΣΑ
11251,ΠΕΔΙΟΝ ΑΡΕΩΣ,ΕΛΛΑΣ,ΑΘΗΝΑ,ΑΤΤΙΚΗ
18539,ΠΕΙΡΑΪΚΗ,ΕΛΛΑΣ,ΠΕΙΡΑΙΑΣ,ΑΤΤΙΚΗ
58400,ΠΕΛΛΗΣ,ΕΛΛΑΣ,ΑΡΙΔΑΙΑ,ΠΕΛΛΑ
58002,ΠΕΛΛΗΣ,ΕΛΛΑΣ,ΑΡΝΙΣΣΑ,ΠΕΛΛΑ
58100,ΠΕΛΛΗΣ,ΕΛΛΑΣ,ΓΙΑΝΝΙΤΣΑ,ΠΕΛΛΑ
58200,ΠΕΛΛΗΣ,ΕΛΛΑΣ,ΕΔΕΣΣΑ,ΠΕΛΛΑ
58004,ΠΕΛΛΗΣ,ΕΛΛΑΣ,ΕΞΑΠΛΑΤΑΝΟΣ,ΠΕΛΛΑ
58001,ΠΕΛΛΗΣ,ΕΛΛΑΣ,ΚΑΡΥΩΤΙΣΣΑ,ΠΕΛΛΑ
58300,ΠΕΛΛΗΣ,ΕΛΛΑΣ,ΚΡΥΑ ΒΡΥΣΗ,ΠΕΛΛΑ
58005,ΠΕΛΛΗΣ,ΕΛΛΑΣ,ΠΕΛΛΑ,ΠΕΛΛΑ
58500,ΠΕΛΛΗΣ,ΕΛΛΑΣ,ΣΚΥΔΡΑ,ΠΕΛΛΑ
58003,ΠΕΛΛΗΣ,ΕΛΛΑΣ,ΦΟΥΣΤΑΝΗ,ΠΕΛΛΑ
54500,ΠΕΝΤΑΛΟΦΟ,ΕΛΛΑΣ,ΘΕΣΣΑΛΟΝΙΚΗ,ΘΕΣΣΑΛΟΝΙΚΗ
15236,ΠΕΝΤΕΛΗ,ΕΛΛΑΣ,ΑΘΗΝΑ,ΑΤΤΙΚΗ
18863,ΠΕΡΑΜΑ,ΕΛΛΑΣ,ΠΕΙΡΑΙΑΣ,ΑΤΤΙΚΗ
12131,ΠΕΡΙΣΤΕΡΙ,ΕΛΛΑΣ,ΑΘΗΝΑ,ΑΤΤΙΚΗ
12132,ΠΕΡΙΣΤΕΡΙ,ΕΛΛΑΣ,ΑΘΗΝΑ,ΑΤΤΙΚΗ
12133,ΠΕΡΙΣΤΕΡΙ,ΕΛΛΑΣ,ΑΘΗΝΑ,ΑΤΤΙΚΗ
12134,ΠΕΡΙΣΤΕΡΙ,ΕΛΛΑΣ,ΑΘΗΝΑ,ΑΤΤΙΚΗ
12135,ΠΕΡΙΣΤΕΡΙ,ΕΛΛΑΣ,ΑΘΗΝΑ,ΑΤΤΙΚΗ
12136,ΠΕΡΙΣΤΕΡΙ,ΕΛΛΑΣ,ΑΘΗΝΑ,ΑΤΤΙΚΗ
12137,ΠΕΡΙΣΤΕΡΙ,ΕΛΛΑΣ,ΑΘΗΝΑ,ΑΤΤΙΚΗ
11852,ΠΕΤΡΑΛΩΝΑ,ΕΛΛΑΣ,ΑΘΗΝΑ,ΑΤΤΙΚΗ
11853,ΠΕΤΡΑΛΩΝΑ,ΕΛΛΑΣ,ΑΘΗΝΑ,ΑΤΤΙΚΗ
11854,ΠΕΤΡΑΛΩΝΑ,ΕΛΛΑΣ,ΑΘΗΝΑ,ΑΤΤΙΚΗ
13231,ΠΕΤΡΟΥΠΟΛΗ,ΕΛΛΑΣ,ΑΘΗΝΑ,ΑΤΤΙΚΗ
54500,ΠΕΤΡΩΤΟ,ΕΛΛΑΣ,ΘΕΣΣΑΛΟΝΙΚΗ,ΘΕΣΣΑΛΟΝΙΚΗ
15121,ΠΕΥΚΗ,ΕΛΛΑΣ,ΑΘΗΝΑ,ΑΤΤΙΚΗ
60300,ΠΙΕΡΙΑΣ,ΕΛΛΑΣ,ΑΙΓΙΝΙΟ,ΠΙΕΡΙΑ
60100,ΠΙΕΡΙΑΣ,ΕΛΛΑΣ,ΚΑΤΕΡΙΝΗ,ΠΙΕΡΙΑ
60064,ΠΙΕΡΙΑΣ,ΕΛΛΑΣ,ΚΙΤΡΟΣ,ΠΙΕΡΙΑ
60061,ΠΙΕΡΙΑΣ,ΕΛΛΑΣ,ΚΟΛΙΝΔΡΟΣ,ΠΙΕΡΙΑ
60063,ΠΙΕΡΙΑΣ,ΕΛΛΑΣ,ΛΕΠΤΟΚΑΡΥΑ,ΠΙΕΡΙΑ
60200,ΠΙΕΡΙΑΣ,ΕΛΛΑΣ,ΛΙΤΟΧΩΡΟ,ΠΙΕΡΙΑ
60066,ΠΙΕΡΙΑΣ,ΕΛΛΑΣ,ΜΕΘΩΝΗ,ΠΙΕΡΙΑ
60065,ΠΙΕΡΙΑΣ,ΕΛΛΑΣ,ΠΛΑΤΑΜΩΝΑΣ,ΠΙΕΡΙΑ
18534,ΠΛ. ΑΛΕΞΑΝΔΡΑΣ,ΕΛΛΑΣ,ΠΕΙΡΑΙΑΣ,ΑΤΤΙΚΗ
11252,ΠΛ. ΑΜΕΡΙΚΗΣ,ΕΛΛΑΣ,ΑΘΗΝΑ,ΑΤΤΙΚΗ
11253,ΠΛ. ΑΜΕΡΙΚΗΣ,ΕΛΛΑΣ,ΑΘΗΝΑ,ΑΤΤΙΚΗ
10446,ΠΛ. ΑΤΤΙΚΗΣ,ΕΛΛΑΣ,ΑΘΗΝΑ,ΑΤΤΙΚΗ
10433,ΠΛ. ΒΙΚΤΩΡΙΑΣ,ΕΛΛΑΣ,ΑΘΗΝΑ,ΑΤΤΙΚΗ
10434,ΠΛ. ΒΙΚΤΩΡΙΑΣ,ΕΛΛΑΣ,ΑΘΗΝΑ,ΑΤΤΙΚΗ
11251,ΠΛ. ΒΙΚΤΩΡΙΑΣ,ΕΛΛΑΣ,ΑΘΗΝΑ,ΑΤΤΙΚΗ
10677,ΠΛ. ΚΑΝΝΙΓΓΟΣ,ΕΛΛΑΣ,ΑΘΗΝΑ,ΑΤΤΙΚΗ
10438,ΠΛ. ΚΑΡΑΪΣΚΑΚΗ,ΕΛΛΑΣ,ΑΘΗΝΑ,ΑΤΤΙΚΗ
10559,ΠΛ. ΚΛΑΥΘΜΩΝΟΣ,ΕΛΛΑΣ,ΑΘΗΝΑ,ΑΤΤΙΚΗ
10560,ΠΛ. ΚΛΑΥΘΜΩΝΟΣ,ΕΛΛΑΣ,ΑΘΗΝΑ,ΑΤΤΙΚΗ
10561,ΠΛ. ΚΛΑΥΘΜΩΝΟΣ,ΕΛΛΑΣ,ΑΘΗΝΑ,ΑΤΤΙΚΗ
10564,ΠΛ. ΚΛΑΥΘΜΩΝΟΣ,ΕΛΛΑΣ,ΑΘΗΝΑ,ΑΤΤΙΚΗ
11254,ΠΛ. ΚΟΛΙΑΤΣΟΥ,ΕΛΛΑΣ,ΑΘΗΝΑ,ΑΤΤΙΚΗ
10551,ΠΛ. ΚΟΤΖΙΑ,ΕΛΛΑΣ,ΑΘΗΝΑ,ΑΤΤΙΚΗ
10552,ΠΛ. ΚΟΤΖΙΑ,ΕΛΛΑΣ,ΑΘΗΝΑ,ΑΤΤΙΚΗ
10553,ΠΛ. ΚΟΥΜΟΥΝΔΟΥΡΟΥ,ΕΛΛΑΣ,ΑΘΗΝΑ,ΑΤΤΙΚΗ
10555,ΠΛΑΚΑ,ΕΛΛΑΣ,ΑΘΗΝΑ,ΑΤΤΙΚΗ
10556,ΠΛΑΚΑ,ΕΛΛΑΣ,ΑΘΗΝΑ,ΑΤΤΙΚΗ
10557,ΠΛΑΚΑ,ΕΛΛΑΣ,ΑΘΗΝΑ,ΑΤΤΙΚΗ
10558,ΠΛΑΚΑ,ΕΛΛΑΣ,ΑΘΗΝΑ,ΑΤΤΙΚΗ
56429,ΠΟΛΙΧΝΗ,ΕΛΛΑΣ,ΘΕΣΣΑΛΟΝΙΚΗ,ΘΕΣΣΑΛΟΝΙΚΗ
56532,ΠΟΛΙΧΝΗ,ΕΛΛΑΣ,ΘΕΣΣΑΛΟΝΙΚΗ,ΘΕΣΣΑΛΟΝΙΚΗ
56533,ΠΟΛΙΧΝΗ,ΕΛΛΑΣ,ΘΕΣΣΑΛΟΝΙΚΗ,ΘΕΣΣΑΛΟΝΙΚΗ
11476,ΠΟΛΥΓΩΝΟ,ΕΛΛΑΣ,ΑΘΗΝΑ,ΑΤΤΙΚΗ
15243,ΠΟΛΥΔΡΟΣΟ,ΕΛΛΑΣ,ΑΘΗΝΑ,ΑΤΤΙΚΗ
18020,ΠΟΡΟΣ,ΕΛΛΑΣ,ΠΟΡΟΣ,ΑΤΤΙΚΗ
48300,ΠΡΕΒΕΖΑΣ,ΕΛΛΑΣ,ΘΕΣΠΡΩΤΙΚΟ,ΠΡΕΒΕΖΑ
48062,ΠΡΕΒΕΖΑΣ,ΕΛΛΑΣ,ΚΑΝΑΛΛΑΚΙ,ΠΡΕΒΕΖΑ
48061,ΠΡΕΒΕΖΑΣ,ΕΛΛΑΣ,ΛΟΥΡΟΣ,ΠΡΕΒΕΖΑ
48060,ΠΡΕΒΕΖΑΣ,ΕΛΛΑΣ,ΠΑΡΓΑ,ΠΡΕΒΕΖΑ
48100,ΠΡΕΒΕΖΑΣ,ΕΛΛΑΣ,ΠΡΕΒΕΖΑ,ΠΡΕΒΕΖΑ
48200,ΠΡΕΒΕΖΑΣ,ΕΛΛΑΣ,ΦΙΛΙΠΠΙΑΔΑ,ΠΡΕΒΕΖΑ
10447,ΠΡΟΦΗΤΗΣ ΔΑΝΙΗΛ,ΕΛΛΑΣ,ΑΘΗΝΑ,ΑΤΤΙΚΗ
55535,ΠΥΛΑΙΑ,ΕΛΛΑΣ,ΘΕΣΣΑΛΟΝΙΚΗ,ΘΕΣΣΑΛΟΝΙΚΗ
19009,ΡΑΦΗΝΑ,ΕΛΛΑΣ,ΡΑΦΗΝΑ,ΑΤΤΙΚΗ
18233,ΡΕΝΤΗΣ,ΕΛΛΑΣ,ΠΕΙΡΑΙΑΣ,ΑΤΤΙΚΗ
69200,ΡΟΔΟΠΗΣ,ΕΛΛΑΣ,ΙΑΣΜΟΣ,ΡΟΔΟΠΗ
69100,ΡΟΔΟΠΗΣ,ΕΛΛΑΣ,ΚΟΜΟΤΗΝΗ,ΡΟΔΟΠΗ
69400,ΡΟΔΟΠΗΣ,ΕΛΛΑΣ,ΞΥΛΑΓΑΝΗ,ΡΟΔΟΠΗ
69500,ΡΟΔΟΠΗΣ,ΕΛΛΑΣ,ΟΡΓΑΝΗ,ΡΟΔΟΠΗ
69300,ΡΟΔΟΠΗΣ,ΕΛΛΑΣ,ΣΑΠΕΣ,ΡΟΔΟΠΗ
14574,ΡΟΔΟΠΟΛΗ,ΕΛΛΑΣ,ΑΘΗΝΑ,ΑΤΤΙΚΗ
85102,ΡΟΔΟΣ,ΕΛΛΑΣ,ΑΡΧΑΓΓΕΛΟΣ,ΔΩΔΕΚΑΝΗΣΑ
85103,ΡΟΔΟΣ,ΕΛΛΑΣ,ΑΦΑΝΤΟΥ,ΔΩΔΕΚΑΝΗΣΑ
85109,ΡΟΔΟΣ,ΕΛΛΑΣ,ΓΕΝΝΑΔΙ,ΔΩΔΕΚΑΝΗΣΑ
85101,ΡΟΔΟΣ,ΕΛΛΑΣ,ΙΑΛΥΣΟΣ,ΔΩΔΕΚΑΝΗΣΑ
85105,ΡΟΔΟΣ,ΕΛΛΑΣ,ΚΑΛΥΘΙΕΣ,ΔΩΔΕΚΑΝΗΣΑ
85104,ΡΟΔΟΣ,ΕΛΛΑΣ,ΚΡΕΜΑΣΤΗ,ΔΩΔΕΚΑΝΗΣΑ
85108,ΡΟΔΟΣ,ΕΛΛΑΣ,ΚΡΗΤΗΝΙΑ,ΔΩΔΕΚΑΝΗΣΑ
85107,ΡΟΔΟΣ,ΕΛΛΑΣ,ΛΙΝΔΟΣ,ΔΩΔΕΚΑΝΗΣΑ
85106,ΡΟΔΟΣ,ΕΛΛΑΣ,ΠΑΡΑΔΕΙΣΙ,ΔΩΔΕΚΑΝΗΣΑ
85100,ΡΟΔΟΣ,ΕΛΛΑΣ,ΡΟΔΟΣ,ΔΩΔΕΚΑΝΗΣΑ
11855,ΡΟΥΦ,ΕΛΛΑΣ,ΑΘΗΝΑ,ΑΤΤΙΚΗ
18903,ΣΑΛΑΜΙΝΑ,ΕΛΛΑΣ,ΑΙΑΝΤΕΙΟ,ΑΤΤΙΚΗ
18902,ΣΑΛΑΜΙΝΑ,ΕΛΛΑΣ,ΑΜΠΕΛΑΚΙΑ,ΑΤΤΙΚΗ
18901,ΣΑΛΑΜΙΝΑ,ΕΛΛΑΣ,ΠΑΛΟΥΚΙΑ,ΑΤΤΙΚΗ
18900,ΣΑΛΑΜΙΝΑ,ΕΛΛΑΣ,ΣΑΛΑΜΙΝΑ,ΑΤΤΙΚΗ
83200,ΣΑΜΟΣ,ΕΛΛΑΣ,ΚΑΡΛΟΒΑΣΙ,ΣΑΜΟΣ
83102,ΣΑΜΟΣ,ΕΛΛΑΣ,ΜΑΡΑΘΟΚΑΜΠΟΣ,ΣΑΜΟΣ
83101,ΣΑΜΟΣ,ΕΛΛΑΣ,ΜΥΤΙΛΗΝΙΟΙ,ΣΑΜΟΣ
83103,ΣΑΜΟΣ,ΕΛΛΑΣ,ΠΥΘΑΓΟΡΕΙΟ,ΣΑΜΟΣ
83104,ΣΑΜΟΣ,ΕΛΛΑΣ,ΠΥΡΓΟΣ ΣΑΜΟΥ,ΣΑΜΟΣ
83100,ΣΑΜΟΣ,ΕΛΛΑΣ,ΣΑΜΟΣ,ΣΑΜΟΣ
84703,ΣΑΝΤΟΡΙΝΗ,ΕΛΛΑΣ,ΕΜΠΟΡΙΟ,ΚΥΚΛΑΔΕΣ
84700,ΣΑΝΤΟΡΙΝΗ,ΕΛΛΑΣ,ΘΗΡΑ,ΚΥΚΛΑΔΕΣ
84702,ΣΑΝΤΟΡΙΝΗ,ΕΛΛΑΣ,ΟΙΑ,ΚΥΚΛΑΔΕΣ
84701,ΣΑΝΤΟΡΙΝΗ,ΕΛΛΑΣ,ΣΑΝΤΟΡΙΝΗ,ΚΥΚΛΑΔΕΣ
84700,ΣΑΝΤΟΡΙΝΗ,ΕΛΛΑΣ,ΦΥΡΑ,ΚΥΚΛΑΔΕΣ
84005,ΣΕΡΙΦΟΣ,ΕΛΛΑΣ,ΜΕΓΑΛΟ ΛΙΒΑΔΙ,ΚΥΚΛΑΔΕΣ
84005,ΣΕΡΙΦΟΣ,ΕΛΛΑΣ,ΣΕΡΙΦΟΣ,ΚΥΚΛΑΔΕΣ
62051,ΣΕΡΡΩΝ,ΕΛΛΑΣ,ΑΓΙΟ ΠΝΕΥΜΑ,ΣΕΡΡΕΣ
62045,ΣΕΡΡΩΝ,ΕΛΛΑΣ,ΑΛΙΣΤΡΑΤΗ,ΣΕΡΡΕΣ
62050,ΣΕΡΡΩΝ,ΕΛΛΑΣ,ΓΑΖΩΡΟΣ,ΣΕΡΡΕΣ
62052,ΣΕΡΡΩΝ,ΕΛΛΑΣ,ΔΡΑΒΗΣΚΟΣ,ΣΕΡΡΕΣ
62055,ΣΕΡΡΩΝ,ΕΛΛΑΣ,ΚΑΤΩ ΠΟΡΟΙΑ,ΣΕΡΡΕΣ
62049,ΣΕΡΡΩΝ,ΕΛΛΑΣ,ΜΑΥΡΟΘΑΛΑΣΣΑ,ΣΕΡΡΕΣ
62042,ΣΕΡΡΩΝ,ΕΛΛΑΣ,ΝΕΑ ΖΙΧΝΗ,ΣΕΡΡΕΣ
62043,ΣΕΡΡΩΝ,ΕΛΛΑΣ,ΝΕΟ ΠΕΤΡΙΤΣΙ,ΣΕΡΡΕΣ
62048,ΣΕΡΡΩΝ,ΕΛΛΑΣ,ΠΕΝΤΑΠΟΛΗ,ΣΕΡΡΕΣ
62047,ΣΕΡΡΩΝ,ΕΛΛΑΣ,ΠΡΩΤΗ,ΣΕΡΡΕΣ
62041,ΣΕΡΡΩΝ,ΕΛΛΑΣ,ΡΟΔΟΛΙΒΟΣ,ΣΕΡΡΕΣ
62053,ΣΕΡΡΩΝ,ΕΛΛΑΣ,ΡΟΔΟΠΟΛΗ,ΣΕΡΡΕΣ
62056,ΣΕΡΡΩΝ,ΕΛΛΑΣ,Σ. Σ. ΑΓΓΙΣΤΑΣ,ΣΕΡΡΕΣ
62100,ΣΕΡΡΩΝ,ΕΛΛΑΣ,ΣΕΡΡΕΣ,ΣΕΡΡΕΣ
62121,ΣΕΡΡΩΝ,ΕΛΛΑΣ,ΣΕΡΡΕΣ,ΣΕΡΡΕΣ
62122,ΣΕΡΡΩΝ,ΕΛΛΑΣ,ΣΕΡΡΕΣ,ΣΕΡΡΕΣ
62123,ΣΕΡΡΩΝ,ΕΛΛΑΣ,ΣΕΡΡΕΣ,ΣΕΡΡΕΣ
62124,ΣΕΡΡΩΝ,ΕΛΛΑΣ,ΣΕΡΡΕΣ,ΣΕΡΡΕΣ
62125,ΣΕΡΡΩΝ,ΕΛΛΑΣ,ΣΕΡΡΕΣ,ΣΕΡΡΕΣ
62200,ΣΕΡΡΩΝ,ΕΛΛΑΣ,ΣΕΡΡΕΣ,ΣΕΡΡΕΣ
62300,ΣΕΡΡΩΝ,ΕΛΛΑΣ,ΣΕΡΡΕΣ,ΣΕΡΡΕΣ
62400,ΣΕΡΡΩΝ,ΕΛΛΑΣ,ΣΕΡΡΕΣ,ΣΕΡΡΕΣ
62054,ΣΕΡΡΩΝ,ΕΛΛΑΣ,ΣΤΡΥΜΟΝΙΚΟ,ΣΕΡΡΕΣ
84010,ΣΙΚΙΝΟΣ,ΕΛΛΑΣ,ΣΙΚΙΝΟΣ,ΚΥΚΛΑΔΕΣ
57022,ΣΙΝΔΟΣ,ΕΛΛΑΣ,ΘΕΣΣΑΛΟΝΙΚΗ,ΘΕΣΣΑΛΟΝΙΚΗ
57400,ΣΙΝΔΟΣ,ΕΛΛΑΣ,ΘΕΣΣΑΛΟΝΙΚΗ,ΘΕΣΣΑΛΟΝΙΚΗ
84003,ΣΙΦΝΟΣ,ΕΛΛΑΣ,ΑΓΙΑ ΜΑΡΙΝΑ,ΚΥΚΛΑΔΕΣ
84003,ΣΙΦΝΟΣ,ΕΛΛΑΣ,ΑΠΟΛΛΩΝΙΑ,ΚΥΚΛΑΔΕΣ
84003,ΣΙΦΝΟΣ,ΕΛΛΑΣ,ΑΡΤΕΜΩΝ,ΚΥΚΛΑΔΕΣ
84003,ΣΙΦΝΟΣ,ΕΛΛΑΣ,ΚΑΜΑΡΕΣ,ΚΥΚΛΑΔΕΣ
84003,ΣΙΦΝΟΣ,ΕΛΛΑΣ,ΚΑΣΤΡΟ,ΚΥΚΛΑΔΕΣ
84003,ΣΙΦΝΟΣ,ΕΛΛΑΣ,ΣΙΦΝΟΣ,ΚΥΚΛΑΔΕΣ
37002,ΣΚΙΑΘΟΣ,ΕΛΛΑΣ,ΣΚΙΑΘΟΣ,ΜΑΓΝΗΣΙΑ
37003,ΣΚΟΠΕΛΟΣ,ΕΛΛΑΣ,ΣΚΟΠΕΛΟΣ,ΜΑΓΝΗΣΙΑ
57002,ΣΟΧΟΣ,ΕΛΛΑΣ,ΘΕΣΣΑΛΟΝΙΚΗ,ΘΕΣΣΑΛΟΝΙΚΗ
19004,ΣΠΑΤΑ,ΕΛΛΑΣ,ΣΠΑΤΑ,ΑΤΤΙΚΗ
18050,ΣΠΕΤΣΕΣ,ΕΛΛΑΣ,ΣΠΕΤΣΕΣ,ΑΤΤΙΚΗ
10439,ΣΤ. ΛΑΡΙΣΣΗΣ,ΕΛΛΑΣ,ΑΘΗΝΑ,ΑΤΤΙΚΗ
10440,ΣΤ. ΛΑΡΙΣΣΗΣ,ΕΛΛΑΣ,ΑΘΗΝΑ,ΑΤΤΙΚΗ
14575,ΣΤΑΜΑΤΑ,ΕΛΛΑΣ,ΑΘΗΝΑ,ΑΤΤΙΚΗ
57014,ΣΤΑΥΡΟΣ,ΕΛΛΑΣ,ΘΕΣΣΑΛΟΝΙΚΗ,ΘΕΣΣΑΛΟΝΙΚΗ
15349,ΣΤΑΥΡΟΣ,ΕΛΛΑΣ,ΣΤΑΥΡΟΣ,ΑΤΤΙΚΗ
56429,ΣΤΑΥΡΟΥΠΟΛΗ,ΕΛΛΑΣ,ΘΕΣΣΑΛΟΝΙΚΗ,ΘΕΣΣΑΛΟΝΙΚΗ
56430,ΣΤΑΥΡΟΥΠΟΛΗ,ΕΛΛΑΣ,ΘΕΣΣΑΛΟΝΙΚΗ,ΘΕΣΣΑΛΟΝΙΚΗ
56431,ΣΤΑΥΡΟΥΠΟΛΗ,ΕΛΛΑΣ,ΘΕΣΣΑΛΟΝΙΚΗ,ΘΕΣΣΑΛΟΝΙΚΗ
56625,ΣΥΚΙΕΣ,ΕΛΛΑΣ,ΘΕΣΣΑΛΟΝΙΚΗ,ΘΕΣΣΑΛΟΝΙΚΗ
56626,ΣΥΚΙΕΣ,ΕΛΛΑΣ,ΘΕΣΣΑΛΟΝΙΚΗ,ΘΕΣΣΑΛΟΝΙΚΗ
85600,ΣΥΜΗ,ΕΛΛΑΣ,ΣΥΜΗ,ΔΩΔΕΚΑΝΗΣΑ
10562,ΣΥΝΤΑΓΜΑ,ΕΛΛΑΣ,ΑΘΗΝΑ,ΑΤΤΙΚΗ
10563,ΣΥΝΤΑΓΜΑ,ΕΛΛΑΣ,ΑΘΗΝΑ,ΑΤΤΙΚΗ
84100,ΣΥΡΟΣ,ΕΛΛΑΣ,ΑΝΩ ΣΥΡΟΣ,ΚΥΚΛΑΔΕΣ
84100,ΣΥΡΟΣ,ΕΛΛΑΣ,ΓΑΛΙΣΑΣ,ΚΥΚΛΑΔΕΣ
84100,ΣΥΡΟΣ,ΕΛΛΑΣ,ΕΡΜΟΥΠΟΛΗ,ΚΥΚΛΑΔΕΣ
84100,ΣΥΡΟΣ,ΕΛΛΑΣ,ΣΥΡΟΣ,ΚΥΚΛΑΔΕΣ
84100,ΣΥΡΟΣ,ΕΛΛΑΣ,ΦΟΙΝΙΚΑΣ,ΚΥΚΛΑΔΕΣ
17778,ΤΑΥΡΟΣ,ΕΛΛΑΣ,ΑΘΗΝΑ,ΑΤΤΙΚΗ
11471,ΤΕΡΜΑ ΙΠΠΟΚΡΑΤΟΥΣ,ΕΛΛΑΣ,ΑΘΗΝΑ,ΑΤΤΙΚΗ
11472,ΤΕΡΜΑ ΙΠΠΟΚΡΑΤΟΥΣ,ΕΛΛΑΣ,ΑΘΗΝΑ,ΑΤΤΙΚΗ
85002,ΤΗΛΟΣ,ΕΛΛΑΣ,ΤΗΛΟΣ,ΔΩΔΕΚΑΝΗΣΑ
84201,ΤΗΝΟΣ,ΕΛΛΑΣ,ΠΑΝΟΡΜΟΣ,ΚΥΚΛΑΔΕΣ
84200,ΤΗΝΟΣ,ΕΛΛΑΣ,ΤΗΝΟΣ,ΚΥΚΛΑΔΕΣ
54453,ΤΟΥΜΠΑ,ΕΛΛΑΣ,ΘΕΣΣΑΛΟΝΙΚΗ,ΘΕΣΣΑΛΟΝΙΚΗ
54454,ΤΟΥΜΠΑ,ΕΛΛΑΣ,ΘΕΣΣΑΛΟΝΙΚΗ,ΘΕΣΣΑΛΟΝΙΚΗ
55337,ΤΡΙΑΝΔΡΙΑ,ΕΛΛΑΣ,ΘΕΣΣΑΛΟΝΙΚΗ,ΘΕΣΣΑΛΟΝΙΚΗ
42034,ΤΡΙΚΑΛΩΝ,ΕΛΛΑΣ,ΑΓΙΟΦΥΛΛΟ,ΤΡΙΚΑΛΑ
42200,ΤΡΙΚΑΛΩΝ,ΕΛΛΑΣ,ΚΑΛΑΜΠΑΚΑ,ΤΡΙΚΑΛΑ
42036,ΤΡΙΚΑΛΩΝ,ΕΛΛΑΣ,ΚΑΣΤΑΝΕΑ,ΤΡΙΚΑΛΑ
42035,ΤΡΙΚΑΛΩΝ,ΕΛΛΑΣ,ΚΟΝΙΣΚΟΣ,ΤΡΙΚΑΛΑ
42030,ΤΡΙΚΑΛΩΝ,ΕΛΛΑΣ,ΜΕΓΑΛΑ ΚΑΛΥΒΙΑ,ΤΡΙΚΑΛΑ
42037,ΤΡΙΚΑΛΩΝ,ΕΛΛΑΣ,ΜΕΣΟΧΩΡΑ,ΤΡΙΚΑΛΑ
42033,ΤΡΙΚΑΛΩΝ,ΕΛΛΑΣ,ΜΥΡΟΦΥΛΛΟ,ΤΡΙΚΑΛΑ
42300,ΤΡΙΚΑΛΩΝ,ΕΛΛΑΣ,ΝΕΟΧΩΡΙ,ΤΡΙΚΑΛΑ
42032,ΤΡΙΚΑΛΩΝ,ΕΛΛΑΣ,ΠΥΛΗ,ΤΡΙΚΑΛΑ
42100,ΤΡΙΚΑΛΩΝ,ΕΛΛΑΣ,ΤΡΙΚΑΛΑ,ΤΡΙΚΑΛΑ
42031,ΤΡΙΚΑΛΩΝ,ΕΛΛΑΣ,ΦΑΡΚΑΔΩΝΑ,ΤΡΙΚΑΛΑ
18040,ΥΔΡΑ,ΕΛΛΑΣ,ΥΔΡΑ,ΑΤΤΙΚΗ
35017,ΦΘΙΩΤΙΔΑΣ,ΕΛΛΑΣ,ΑΓΙΟΣ ΓΕΩΡΓΙΟΣ ΦΘΙΩΤ,ΦΘΙΩΤΙΔΑ
35006,ΦΘΙΩΤΙΔΑΣ,ΕΛΛΑΣ,ΑΓΙΟΣ ΚΩΝΣΤΑΝΤΙΝΟΣ,ΦΘΙΩΤΙΔΑ
35002,ΦΘΙΩΤΙΔΑΣ,ΕΛΛΑΣ,ΑΜΦΙΚΛΕΙΑ,ΦΘΙΩΤΙΔΑ
35014,ΦΘΙΩΤΙΔΑΣ,ΕΛΛΑΣ,ΑΝΘΗΛΗ,ΦΘΙΩΤΙΔΑ
35200,ΦΘΙΩΤΙΔΑΣ,ΕΛΛΑΣ,ΑΤΑΛΑΝΤΗ,ΦΘΙΩΤΙΔΑ
35018,ΦΘΙΩΤΙΔΑΣ,ΕΛΛΑΣ,ΓΑΡΔΙΚΙ,ΦΘΙΩΤΙΔΑ
35010,ΦΘΙΩΤΙΔΑΣ,ΕΛΛΑΣ,ΔΟΜΟΚΟΣ,ΦΘΙΩΤΙΔΑ
35004,ΦΘΙΩΤΙΔΑΣ,ΕΛΛΑΣ,ΕΛΑΤΕΙΑ,ΦΘΙΩΤΙΔΑ
35008,ΦΘΙΩΤΙΔΑΣ,ΕΛΛΑΣ,ΚΑΜΜΕΝΑ ΒΟΥΡΛΑ,ΦΘΙΩΤΙΔΑ
35015,ΦΘΙΩΤΙΔΑΣ,ΕΛΛΑΣ,ΚΑΤΩ ΤΙΘΩΡΕΑ,ΦΘΙΩΤΙΔΑ
35011,ΦΘΙΩΤΙΔΑΣ,ΕΛΛΑΣ,ΛΑΜΙΑ,ΦΘΙΩΤΙΔΑ
35100,ΦΘΙΩΤΙΔΑΣ,ΕΛΛΑΣ,ΛΑΜΙΑ,ΦΘΙΩΤΙΔΑ
35012,ΦΘΙΩΤΙΔΑΣ,ΕΛΛΑΣ,ΛΑΡΥΜΝΑ,ΦΘΙΩΤΙΔΑ
35007,ΦΘΙΩΤΙΔΑΣ,ΕΛΛΑΣ,ΛΙΒΑΝΑΤΕΣ,ΦΘΙΩΤΙΔΑ
35001,ΦΘΙΩΤΙΔΑΣ,ΕΛΛΑΣ,ΜΑΛΕΣΙΝΑ,ΦΘΙΩΤΙΔΑ
35005,ΦΘΙΩΤΙΔΑΣ,ΕΛΛΑΣ,ΜΑΡΤΙΝΟ,ΦΘΙΩΤΙΔΑ
35009,ΦΘΙΩΤΙΔΑΣ,ΕΛΛΑΣ,ΜΩΛΟΣ,ΦΘΙΩΤΙΔΑ
35013,ΦΘΙΩΤΙΔΑΣ,ΕΛΛΑΣ,ΠΕΛΑΣΓΙΑ,ΦΘΙΩΤΙΔΑ
35003,ΦΘΙΩΤΙΔΑΣ,ΕΛΛΑΣ,ΣΠΕΡΧΕΙΑΔΑ,ΦΘΙΩΤΙΔΑ
35300,ΦΘΙΩΤΙΔΑΣ,ΕΛΛΑΣ,ΣΤΥΛΙΔΑ,ΦΘΙΩΤΙΔΑ
35016,ΦΘΙΩΤΙΔΑΣ,ΕΛΛΑΣ,ΥΠΑΤΗ,ΦΘΙΩΤΙΔΑ
15237,ΦΙΛΟΘΕΗ,ΕΛΛΑΣ,ΑΘΗΝΑ,ΑΤΤΙΚΗ
53077,ΦΛΩΡΙΝΑΣ,ΕΛΛΑΣ,ΑΓΙΟΣ ΓΕΡΜΑΝΟΣ,ΦΛΩΡΙΝΑ
53200,ΦΛΩΡΙΝΑΣ,ΕΛΛΑΣ,ΑΜΥΝΤΑΙΟ,ΦΛΩΡΙΝΑ
53076,ΦΛΩΡΙΝΑΣ,ΕΛΛΑΣ,ΑΝΤΑΡΤΙΚΟ,ΦΛΩΡΙΝΑ
53074,ΦΛΩΡΙΝΑΣ,ΕΛΛΑΣ,ΒΕΥΗ,ΦΛΩΡΙΝΑ
53073,ΦΛΩΡΙΝΑΣ,ΕΛΛΑΣ,ΛΕΧΟΒΟ,ΦΛΩΡΙΝΑ
53071,ΦΛΩΡΙΝΑΣ,ΕΛΛΑΣ,ΜΕΛΙΤΗ,ΦΛΩΡΙΝΑ
53078,ΦΛΩΡΙΝΑΣ,ΕΛΛΑΣ,ΝΥΜΦΑΙΟ,ΦΛΩΡΙΝΑ
53072,ΦΛΩΡΙΝΑΣ,ΕΛΛΑΣ,ΞΙΝΟ ΝΕΡΟ,ΦΛΩΡΙΝΑ
53075,ΦΛΩΡΙΝΑΣ,ΕΛΛΑΣ,ΣΚΛΗΘΡΟ,ΦΛΩΡΙΝΑ
53070,ΦΛΩΡΙΝΑΣ,ΕΛΛΑΣ,ΦΙΛΩΤΑΣ,ΦΛΩΡΙΝΑ
53100,ΦΛΩΡΙΝΑΣ,ΕΛΛΑΣ,ΦΛΩΡΙΝΑ,ΦΛΩΡΙΝΑ
84011,ΦΟΛΕΓΑΝΔΡΟΣ,ΕΛΛΑΣ,ΚΑΡΑΒΟΣΤΑΣΙ,ΚΥΚΛΑΔΕΣ
84011,ΦΟΛΕΓΑΝΔΡΟΣ,ΕΛΛΑΣ,ΦΟΛΕΓΑΝΔΡΟΣ,ΚΥΚΛΑΔΕΣ
18536,ΦΡΕΑΤΥΔΑ,ΕΛΛΑΣ,ΠΕΙΡΑΙΑΣ,ΑΤΤΙΚΗ
33100,ΦΩΚΙΔΑΣ,ΕΛΛΑΣ,ΑΜΦΙΣΣΑ,ΦΩΚΙΔΑ
33059,ΦΩΚΙΔΑΣ,ΕΛΛΑΣ,ΑΡΤΟΤΙΝΑ,ΦΩΚΙΔΑ
33052,ΦΩΚΙΔΑΣ,ΕΛΛΑΣ,ΓΑΛΑΞΙΔΙ,ΦΩΚΙΔΑ
33057,ΦΩΚΙΔΑΣ,ΕΛΛΑΣ,ΓΡΑΒΙΑ,ΦΩΚΙΔΑ
33054,ΦΩΚΙΔΑΣ,ΕΛΛΑΣ,ΔΕΛΦΟΙ,ΦΩΚΙΔΑ
33050,ΦΩΚΙΔΑΣ,ΕΛΛΑΣ,ΔΕΣΦΙΝΑ,ΦΩΚΙΔΑ
33058,ΦΩΚΙΔΑΣ,ΕΛΛΑΣ,ΕΡΑΤΕΙΝΗ,ΦΩΚΙΔΑ
33056,ΦΩΚΙΔΑΣ,ΕΛΛΑΣ,ΕΥΠΑΛΙΟ,ΦΩΚΙΔΑ
33200,ΦΩΚΙΔΑΣ,ΕΛΛΑΣ,ΙΤΕΑ,ΦΩΚΙΔΑ
33061,ΦΩΚΙΔΑΣ,ΕΛΛΑΣ,ΚΡΟΚΥΛΕΙΟ,ΦΩΚΙΔΑ
33053,ΦΩΚΙΔΑΣ,ΕΛΛΑΣ,ΛΙΔΩΡΙΚΙ,ΦΩΚΙΔΑ
33063,ΦΩΚΙΔΑΣ,ΕΛΛΑΣ,ΜΑΥΡΟΛΙΘΑΡΙ,ΦΩΚΙΔΑ
33062,ΦΩΚΙΔΑΣ,ΕΛΛΑΣ,ΠΕΝΤΑΓΙΟΙ,ΦΩΚΙΔΑ
33051,ΦΩΚΙΔΑΣ,ΕΛΛΑΣ,ΠΟΛΥΔΡΟΣΟΣ,ΦΩΚΙΔΑ
33060,ΦΩΚΙΔΑΣ,ΕΛΛΑΣ,ΠΟΤΙΔΑΝΙΑ,ΦΩΚΙΔΑ
33055,ΦΩΚΙΔΑΣ,ΕΛΛΑΣ,ΧΡΥΣΟ,ΦΩΚΙΔΑ
12461,ΧΑΪΔΑΡΙ,ΕΛΛΑΣ,ΑΘΗΝΑ,ΑΤΤΙΚΗ
12462,ΧΑΪΔΑΡΙ,ΕΛΛΑΣ,ΑΘΗΝΑ,ΑΤΤΙΚΗ
15231,ΧΑΛΑΝΔΡΙ,ΕΛΛΑΣ,ΑΘΗΝΑ,ΑΤΤΙΚΗ
15232,ΧΑΛΑΝΔΡΙ,ΕΛΛΑΣ,ΑΘΗΝΑ,ΑΤΤΙΚΗ
15233,ΧΑΛΑΝΔΡΙ,ΕΛΛΑΣ,ΑΘΗΝΑ,ΑΤΤΙΚΗ
15234,ΧΑΛΑΝΔΡΙ,ΕΛΛΑΣ,ΑΘΗΝΑ,ΑΤΤΙΚΗ
15238,ΧΑΛΑΝΔΡΙ,ΕΛΛΑΣ,ΑΘΗΝΑ,ΑΤΤΙΚΗ
57300,ΧΑΛΑΣΤΡΑ,ΕΛΛΑΣ,ΘΕΣΣΑΛΟΝΙΚΗ,ΘΕΣΣΑΛΟΝΙΚΗ
85110,ΧΑΛΚΗ,ΕΛΛΑΣ,ΧΑΛΚΗ,ΔΩΔΕΚΑΝΗΣΑ
63078,ΧΑΛΚΙΔΙΚΗΣ,ΕΛΛΑΣ,ΑΓΙΟΣ ΝΙΚΟΛΑΟΣ,ΧΑΛΚΙΔΙΚΗ
63074,ΧΑΛΚΙΔΙΚΗΣ,ΕΛΛΑΣ,ΑΡΝΑΙΑ,ΧΑΛΚΙΔΙΚΗ
63084,ΧΑΛΚΙΔΙΚΗΣ,ΕΛΛΑΣ,ΒΑΒΔΟΣ,ΧΑΛΚΙΔΙΚΗ
63073,ΧΑΛΚΙΔΙΚΗΣ,ΕΛΛΑΣ,ΓΑΛΑΤΙΣΤΑ,ΧΑΛΚΙΔΙΚΗ
63087,ΧΑΛΚΙΔΙΚΗΣ,ΕΛΛΑΣ,ΔΑΦΝΗ ΑΓΙΟΥ ΟΡΟΥΣ,ΧΑΛΚΙΔΙΚΗ
63075,ΧΑΛΚΙΔΙΚΗΣ,ΕΛΛΑΣ,ΙΕΡΙΣΣΟΣ,ΧΑΛΚΙΔΙΚΗ
63086,ΧΑΛΚΙΔΙΚΗΣ,ΕΛΛΑΣ,ΚΑΡΥΕΣ ΑΓΙΟΥ ΟΡΟΥΣ,ΧΑΛΚΙΔΙΚΗ
63077,ΧΑΛΚΙΔΙΚΗΣ,ΕΛΛΑΣ,ΚΑΣΣΑΝΔΡΕΙΑ,ΧΑΛΚΙΔΙΚΗ
63076,ΧΑΛΚΙΔΙΚΗΣ,ΕΛΛΑΣ,ΜΕΓΑΛΗ ΠΑΝΑΓΙΑ,ΧΑΛΚΙΔΙΚΗ
63080,ΧΑΛΚΙΔΙΚΗΣ,ΕΛΛΑΣ,ΝΕΑ ΚΑΛΛΙΚΡΑΤΕΙΑ,ΧΑΛΚΙΔΙΚΗ
63200,ΧΑΛΚΙΔΙΚΗΣ,ΕΛΛΑΣ,ΝΕΑ ΜΟΥΔΑΝΙΑ,ΧΑΛΚΙΔΙΚΗ
63079,ΧΑΛΚΙΔΙΚΗΣ,ΕΛΛΑΣ,ΝΕΑ ΤΡΙΓΛΙΑ,ΧΑΛΚΙΔΙΚΗ
63081,ΧΑΛΚΙΔΙΚΗΣ,ΕΛΛΑΣ,ΝΕΟΣ ΜΑΡΜΑΡΑΣ,ΧΑΛΚΙΔΙΚΗ
63088,ΧΑΛΚΙΔΙΚΗΣ,ΕΛΛΑΣ,ΝΙΚΗΤΗ,ΧΑΛΚΙΔΙΚΗ
63071,ΧΑΛΚΙΔΙΚΗΣ,ΕΛΛΑΣ,ΟΡΜΥΛΙΑ,ΧΑΛΚΙΔΙΚΗ
63085,ΧΑΛΚΙΔΙΚΗΣ,ΕΛΛΑΣ,ΠΕΥΚΟΧΩΡΙ,ΧΑΛΚΙΔΙΚΗ
63100,ΧΑΛΚΙΔΙΚΗΣ,ΕΛΛΑΣ,ΠΟΛΥΓΥΡΟΣ,ΧΑΛΚΙΔΙΚΗ
63083,ΧΑΛΚΙΔΙΚΗΣ,ΕΛΛΑΣ,ΣΤΡΑΤΟΝΙΚΗ,ΧΑΛΚΙΔΙΚΗ
63082,ΧΑΛΚΙΔΙΚΗΣ,ΕΛΛΑΣ,ΣΤΡΑΤΩΝΙΟ,ΧΑΛΚΙΔΙΚΗ
63072,ΧΑΛΚΙΔΙΚΗΣ,ΕΛΛΑΣ,ΣΥΚΕΑ,ΧΑΛΚΙΔΙΚΗ
54248,ΧΑΡΙΛΑΟΥ,ΕΛΛΑΣ,ΘΕΣΣΑΛΟΝΙΚΗ,ΘΕΣΣΑΛΟΝΙΚΗ
54249,ΧΑΡΙΛΑΟΥ,ΕΛΛΑΣ,ΘΕΣΣΑΛΟΝΙΚΗ,ΘΕΣΣΑΛΟΝΙΚΗ
54250,ΧΑΡΙΛΑΟΥ,ΕΛΛΑΣ,ΘΕΣΣΑΛΟΝΙΚΗ,ΘΕΣΣΑΛΟΝΙΚΗ
82103,ΧΙΟΣ,ΕΛΛΑΣ,ΒΟΛΙΣΣΟΣ,ΧΙΟΣ
82200,ΧΙΟΣ,ΕΛΛΑΣ,ΒΡΟΝΤΑΔΟΣ,ΧΙΟΣ
82102,ΧΙΟΣ,ΕΛΛΑΣ,ΚΑΛΑΜΩΤΗ,ΧΙΟΣ
82300,ΧΙΟΣ,ΕΛΛΑΣ,ΚΑΡΔΑΜΥΛΑ,ΧΙΟΣ
82101,ΧΙΟΣ,ΕΛΛΑΣ,ΟΙΝΟΥΣΣΕΣ,ΧΙΟΣ
82100,ΧΙΟΣ,ΕΛΛΑΣ,ΧΙΟΣ,ΧΙΟΣ
82104,ΧΙΟΣ,ΕΛΛΑΣ,ΨΑΡΑ,ΧΙΟΣ
15561,ΧΟΛΑΡΓΟΣ,ΕΛΛΑΣ,ΑΘΗΝΑ,ΑΤΤΙΚΗ
15562,ΧΟΛΑΡΓΟΣ,ΕΛΛΑΣ,ΑΘΗΝΑ,ΑΤΤΙΚΗ
10554,ΨΥΡΡΗ,ΕΛΛΑΣ,ΑΘΗΝΑ,ΑΤΤΙΚΗ
15452,ΨΥΧΙΚΟ,ΕΛΛΑΣ,ΑΘΗΝΑ,ΑΤΤΙΚΗ
56430,ΩΡΑΙΟΚΑΣΤΡΟ,ΕΛΛΑΣ,ΘΕΣΣΑΛΟΝΙΚΗ,ΘΕΣΣΑΛΟΝΙΚΗ
57013,ΩΡΑΙΟΚΑΣΤΡΟ,ΕΛΛΑΣ,ΘΕΣΣΑΛΟΝΙΚΗ,ΘΕΣΣΑΛΟΝΙΚΗ
5652,Αμμόχωστος,ΚΥΠΡΟΣ,Αγγαστίνα,Αμμόχωστος
5391,Αμμόχωστος,ΚΥΠΡΟΣ,Αγία Θέκλα,Αμμόχωστος
5330,Αμμόχωστος,ΚΥΠΡΟΣ,Αγία Νάπα,Αμμόχωστος
5870,Αμμόχωστος,ΚΥΠΡΟΣ,Αγία Τριάδα,Αμμόχωστος
5820,Αμμόχωστος,ΚΥΠΡΟΣ,Άγιος Ανδρόνικος Για,Αμμόχωστος
5761,Αμμόχωστος,ΚΥΠΡΟΣ,Άγιος Ανδρόνικος Τρι,Αμμόχωστος
5520,Αμμόχωστος,ΚΥΠΡΟΣ,Άγιος Γεώργιος Αχερί,Αμμόχωστος
5720,Αμμόχωστος,ΚΥΠΡΟΣ,Άγιος Γεώργιος Σπαθα,Αμμόχωστος
5721,Αμμόχωστος,ΚΥΠΡΟΣ,Άγιος Ευστάθιος,Αμμόχωστος
5722,Αμμόχωστος,ΚΥΠΡΟΣ,Άγιος Ηλίας,Αμμόχωστος
5723,Αμμόχωστος,ΚΥΠΡΟΣ,Άγιος Θεόδωρος Καρπα,Αμμόχωστος
5871,Αμμόχωστος,ΚΥΠΡΟΣ,Άγιος Θέρισσος,Αμμόχωστος
5762,Αμμόχωστος,ΚΥΠΡΟΣ,Άγιος Ιάκωβος,Αμμόχωστος
5620,Αμμόχωστος,ΚΥΠΡΟΣ,Άγιος Νικόλαος Λευκο,Αμμόχωστος
5621,Αμμόχωστος,ΚΥΠΡΟΣ,Άγιος Σέργιος,Αμμόχωστος
5821,Αμμόχωστος,ΚΥΠΡΟΣ,Άγιος Συμεών,Αμμόχωστος
5872,Αμμόχωστος,ΚΥΠΡΟΣ,Άγιος Φίλων,Αμμόχωστος
5651,Αμμόχωστος,ΚΥΠΡΟΣ,Άγιος Χαρίτων,Αμμόχωστος
5750,Αμμόχωστος,ΚΥΠΡΟΣ,Ακανθού,Αμμόχωστος
5623,Αμμόχωστος,ΚΥΠΡΟΣ,Αλόα,Αμμόχωστος
5763,Αμμόχωστος,ΚΥΠΡΟΣ,Άρδανα,Αμμόχωστος
5724,Αμμόχωστος,ΚΥΠΡΟΣ,Αρναδί,Αμμόχωστος
5622,Αμμόχωστος,ΚΥΠΡΟΣ,Άρτεμι,Αμμόχωστος
5561,Αμμόχωστος,ΚΥΠΡΟΣ,Άσσια,Αμμόχωστος
5725,Αμμόχωστος,ΚΥΠΡΟΣ,Αυγολίδα,Αμμόχωστος
5510,Αμμόχωστος,ΚΥΠΡΟΣ,Αυγόρου,Αμμόχωστος
5560,Αμμόχωστος,ΚΥΠΡΟΣ,Αφάνεια,Αμμόχωστος
5521,Αμμόχωστος,ΚΥΠΡΟΣ,Αχερίτου,Αμμόχωστος
5500,Αμμόχωστος,ΚΥΠΡΟΣ,Άχνα,Αμμόχωστος
5822,Αμμόχωστος,ΚΥΠΡΟΣ,Βαθύλακας,Αμμόχωστος
5823,Αμμόχωστος,ΚΥΠΡΟΣ,Βασίλι,Αμμόχωστος
5562,Αμμόχωστος,ΚΥΠΡΟΣ,Βατυλή,Αμμόχωστος
5653,Αμμόχωστος,ΚΥΠΡΟΣ,Βιτσάδα,Αμμόχωστος
5726,Αμμόχωστος,ΚΥΠΡΟΣ,Βουκολίδα,Αμμόχωστος
5522,Αμμόχωστος,ΚΥΠΡΟΣ,Βρυσούλες,Αμμόχωστος
5624,Αμμόχωστος,ΚΥΠΡΟΣ,Γαϊδουράς (Νέα Σπάρτ,Αμμόχωστος
5825,Αμμόχωστος,ΚΥΠΡΟΣ,Γαλάτεια,Αμμόχωστος
5874,Αμμόχωστος,ΚΥΠΡΟΣ,Γαληνόπορνη,Αμμόχωστος
5727,Αμμόχωστος,ΚΥΠΡΟΣ,Γαστριά,Αμμόχωστος
5655,Αμμόχωστος,ΚΥΠΡΟΣ,Γέναγρα,Αμμόχωστος
5764,Αμμόχωστος,ΚΥΠΡΟΣ,Γεράνι,Αμμόχωστος
5800,Αμμόχωστος,ΚΥΠΡΟΣ,Γιαλούσα,Αμμόχωστος
5625,Αμμόχωστος,ΚΥΠΡΟΣ,Γούφες,Αμμόχωστος
5626,Αμμόχωστος,ΚΥΠΡΟΣ,Γύψου,Αμμόχωστος
5523,Αμμόχωστος,ΚΥΠΡΟΣ,Δασάκι 'Αχνας,Αμμόχωστος
5765,Αμμόχωστος,ΚΥΠΡΟΣ,Δαυλός,Αμμόχωστος
5380,Αμμόχωστος,ΚΥΠΡΟΣ,Δερύνεια,Αμμόχωστος
5370,Αμμόχωστος,ΚΥΠΡΟΣ,Δερύνεια Κάτω,Αμμόχωστος
5627,Αμμόχωστος,ΚΥΠΡΟΣ,Έγκωμη Αμμοχώστου,Αμμόχωστος
5824,Αμμόχωστος,ΚΥΠΡΟΣ,Επτακώμη,Αμμόχωστος
5563,Αμμόχωστος,ΚΥΠΡΟΣ,Καλοψίδα,Αμμόχωστος
5766,Αμμόχωστος,ΚΥΠΡΟΣ,Καντάρα,Αμμόχωστος
5656,Αμμόχωστος,ΚΥΠΡΟΣ,Κνώδαρα,Αμμόχωστος
5826,Αμμόχωστος,ΚΥΠΡΟΣ,Κοιλάνεμος,Αμμόχωστος
5564,Αμμόχωστος,ΚΥΠΡΟΣ,Κοντέα,Αμμόχωστος
5657,Αμμόχωστος,ΚΥΠΡΟΣ,Κορνόκηπος,Αμμόχωστος
5875,Αμμόχωστος,ΚΥΠΡΟΣ,Κορόβεια,Αμμόχωστος
5565,Αμμόχωστος,ΚΥΠΡΟΣ,Κούκλια,Αμμόχωστος
5767,Αμμόχωστος,ΚΥΠΡΟΣ,Κρίδεια,Αμμόχωστος
5827,Αμμόχωστος,ΚΥΠΡΟΣ,Κώμα του Γιαλού,Αμμόχωστος
5828,Αμμόχωστος,ΚΥΠΡΟΣ,Κώμη Κεπήρ,Αμμόχωστος
5728,Αμμόχωστος,ΚΥΠΡΟΣ,Λάπαθος,Αμμόχωστος
5729,Αμμόχωστος,ΚΥΠΡΟΣ,Λειβάδια Αμμοχώστου,Αμμόχωστος
5829,Αμμόχωστος,ΚΥΠΡΟΣ,Λεονάρισσο,Αμμόχωστος
5600,Αμμόχωστος,ΚΥΠΡΟΣ,Λευκόνοικο,Αμμόχωστος
5628,Αμμόχωστος,ΚΥΠΡΟΣ,Λιμνιά,Αμμόχωστος
5320,Αμμόχωστος,ΚΥΠΡΟΣ,Λιοπέτρι,Αμμόχωστος
5830,Αμμόχωστος,ΚΥΠΡΟΣ,Λυθράγκωμη,Αμμόχωστος
5540,Αμμόχωστος,ΚΥΠΡΟΣ,Λύση,Αμμόχωστος
5566,Αμμόχωστος,ΚΥΠΡΟΣ,Μακράσυκα,Αμμόχωστος
5768,Αμμόχωστος,ΚΥΠΡΟΣ,Μάνδρες Τρικώμου,Αμμόχωστος
5629,Αμμόχωστος,ΚΥΠΡΟΣ,Μαράθα,Αμμόχωστος
5650,Αμμόχωστος,ΚΥΠΡΟΣ,Μαραθόβουνος,Αμμόχωστος
5831,Αμμόχωστος,ΚΥΠΡΟΣ,Μελάναργα,Αμμόχωστος
5630,Αμμόχωστος,ΚΥΠΡΟΣ,Μελούντα,Αμμόχωστος
5631,Αμμόχωστος,ΚΥΠΡΟΣ,Μηλιά Αμμοχώστου,Αμμόχωστος
5730,Αμμόχωστος,ΚΥΠΡΟΣ,Μοναργά,Αμμόχωστος
5524,Αμμόχωστος,ΚΥΠΡΟΣ,Μονή Αγίου Κενδέα,Αμμόχωστος
5873,Αμμόχωστος,ΚΥΠΡΟΣ,Μονή Αποστόλου Ανδρέ,Αμμόχωστος
5632,Αμμόχωστος,ΚΥΠΡΟΣ,Μονή Αποστόλου Βαρνά,Αμμόχωστος
5877,Αμμόχωστος,ΚΥΠΡΟΣ,Μονή Παναγίας Ελεούσ,Αμμόχωστος
5658,Αμμόχωστος,ΚΥΠΡΟΣ,Μουσουλίτα,Αμμόχωστος
5731,Αμμόχωστος,ΚΥΠΡΟΣ,Μπογάζι,Αμμόχωστος
5832,Αμμόχωστος,ΚΥΠΡΟΣ,Νέτα,Αμμόχωστος
5769,Αμμόχωστος,ΚΥΠΡΟΣ,Όβγορος,Αμμόχωστος
5280-5297,Αμμόχωστος,ΚΥΠΡΟΣ,Παραλίμνι,Αμμόχωστος
5732,Αμμόχωστος,ΚΥΠΡΟΣ,Πατρίκι,Αμμόχωστος
5733,Αμμόχωστος,ΚΥΠΡΟΣ,Περιβόλια του Τρικώμ,Αμμόχωστος
5633,Αμμόχωστος,ΚΥΠΡΟΣ,Περιστερώνα Αμμοχώστ,Αμμόχωστος
5634,Αμμόχωστος,ΚΥΠΡΟΣ,Πηγή,Αμμόχωστος
5770,Αμμόχωστος,ΚΥΠΡΟΣ,Πλατάνι,Αμμόχωστος
5833,Αμμόχωστος,ΚΥΠΡΟΣ,Πλατανισσός,Αμμόχωστος
5635,Αμμόχωστος,ΚΥΠΡΟΣ,Πραστειό Μεσαορίας,Αμμόχωστος
5659,Αμμόχωστος,ΚΥΠΡΟΣ,Πυργά Αμμοχώστου,Αμμόχωστος
5850,Αμμόχωστος,ΚΥΠΡΟΣ,Ριζοκάρπασο,Αμμόχωστος
5636,Αμμόχωστος,ΚΥΠΡΟΣ,Σαλαμίνα,Αμμόχωστος
5637,Αμμόχωστος,ΚΥΠΡΟΣ,Σανταλάρης,Αμμόχωστος
5567,Αμμόχωστος,ΚΥΠΡΟΣ,Σίντα,Αμμόχωστος
5734,Αμμόχωστος,ΚΥΠΡΟΣ,Σπαθαρικό,Αμμόχωστος
5876,Αμμόχωστος,ΚΥΠΡΟΣ,Σταθμός Κορόβειας,Αμμόχωστος
5525,Αμμόχωστος,ΚΥΠΡΟΣ,Στροβίλια,Αμμόχωστος
5568,Αμμόχωστος,ΚΥΠΡΟΣ,Στρογγυλός,Αμμόχωστος
5638,Αμμόχωστος,ΚΥΠΡΟΣ,Στύλλοι,Αμμόχωστος
5735,Αμμόχωστος,ΚΥΠΡΟΣ,Σύγκραση,Αμμόχωστος
5390,Αμμόχωστος,ΚΥΠΡΟΣ,Σωτήρα Αμμοχώστου,Αμμόχωστος
5834,Αμμόχωστος,ΚΥΠΡΟΣ,Ταύρου,Αμμόχωστος
5654,Αμμόχωστος,ΚΥΠΡΟΣ,Τζιάος,Αμμόχωστος
5700,Αμμόχωστος,ΚΥΠΡΟΣ,Τρίκωμο,Αμμόχωστος
5660,Αμμόχωστος,ΚΥΠΡΟΣ,Τρυπημένη,Αμμόχωστος
5771,Αμμόχωστος,ΚΥΠΡΟΣ,Φλαμούδι,Αμμόχωστος
5350,Αμμόχωστος,ΚΥΠΡΟΣ,Φρέναρος,Αμμόχωστος
5878,Αμμόχωστος,ΚΥΠΡΟΣ,Χελώνες,Αμμόχωστος
5661,Αμμόχωστος,ΚΥΠΡΟΣ,Ψυλλάτος,Αμμόχωστος
9610,Κερύνεια,ΚΥΠΡΟΣ,Αγία Ειρήνη Κερύνεια,Κερύνεια
9560,Κερύνεια,ΚΥΠΡΟΣ,Άγιος Αμβρόσιος Κερύ,Κερύνεια
9390,Κερύνεια,ΚΥΠΡΟΣ,Άγιος Γεώργιος Κερύν,Κερύνεια
9500,Κερύνεια,ΚΥΠΡΟΣ,Άγιος Επίκτητος,Κερύνεια
9611,Κερύνεια,ΚΥΠΡΟΣ,Άγιος Ερμόλαος,Κερύνεια
9612,Κερύνεια,ΚΥΠΡΟΣ,Αγριδάκι,Κερύνεια
9541,Κερύνεια,ΚΥΠΡΟΣ,Αγύρτα,Κερύνεια
9570,Κερύνεια,ΚΥΠΡΟΣ,Αρμενομονάστηρο,Κερύνεια
9613,Κερύνεια,ΚΥΠΡΟΣ,Ασώματος Κερύνειας,Κερύνεια
9630,Κερύνεια,ΚΥΠΡΟΣ,Βαβυλάς,Κερύνεια
9631,Κερύνεια,ΚΥΠΡΟΣ,Βασίλεια,Κερύνεια
9542,Κερύνεια,ΚΥΠΡΟΣ,Βουνό,Κερύνεια
9530,Κερύνεια,ΚΥΠΡΟΣ,Δίκωμο Κάτω,Κερύνεια
9540,Κερύνεια,ΚΥΠΡΟΣ,Δίκωμο Πάνω,Κερύνεια
9614,Κερύνεια,ΚΥΠΡΟΣ,Διόριος,Κερύνεια
9632,Κερύνεια,ΚΥΠΡΟΣ,Ελιά Καραβά,Κερύνεια
9510,Κερύνεια,ΚΥΠΡΟΣ,Θέρμεια,Κερύνεια
9511,Κερύνεια,ΚΥΠΡΟΣ,Καζάφανι,Κερύνεια
9571,Κερύνεια,ΚΥΠΡΟΣ,Καλογραία,Κερύνεια
9615,Κερύνεια,ΚΥΠΡΟΣ,Καμπυλή,Κερύνεια
9200,Κερύνεια,ΚΥΠΡΟΣ,Καραβάς,Κερύνεια
9512,Κερύνεια,ΚΥΠΡΟΣ,Καράκουμι,Κερύνεια
9513,Κερύνεια,ΚΥΠΡΟΣ,Κάρμι,Κερύνεια
9616,Κερύνεια,ΚΥΠΡΟΣ,Καρπάσεια,Κερύνεια
9543,Κερύνεια,ΚΥΠΡΟΣ,Κιομουρτζιού,Κερύνεια
9572,Κερύνεια,ΚΥΠΡΟΣ,Κλεπίνη,Κερύνεια
9617,Κερύνεια,ΚΥΠΡΟΣ,Κοντεμένος,Κερύνεια
9618,Κερύνεια,ΚΥΠΡΟΣ,Κορμακίτης,Κερύνεια
9544,Κερύνεια,ΚΥΠΡΟΣ,Κουτσοβέντης,Κερύνεια
9545,Κερύνεια,ΚΥΠΡΟΣ,Κρηνί,Κερύνεια
9300,Κερύνεια,ΚΥΠΡΟΣ,Λάπηθος,Κερύνεια
9619,Κερύνεια,ΚΥΠΡΟΣ,Λάρνακας Λαπήθου,Κερύνεια
9633,Κερύνεια,ΚΥΠΡΟΣ,Λιβερά,Κερύνεια
9621,Κερύνεια,ΚΥΠΡΟΣ,Μονή Αγίου Παντελεήμ,Κερύνεια
9546,Κερύνεια,ΚΥΠΡΟΣ,Μονή Αγίου Χρυσοστόμ,Κερύνεια
9573,Κερύνεια,ΚΥΠΡΟΣ,Μονή Αντιφωνητή,Κερύνεια
9634,Κερύνεια,ΚΥΠΡΟΣ,Μονή Αχειροποιήτου,Κερύνεια
9574,Κερύνεια,ΚΥΠΡΟΣ,Μονή Παναγίας Μελανδ,Κερύνεια
9635,Κερύνεια,ΚΥΠΡΟΣ,Μότηδες,Κερύνεια
9514,Κερύνεια,ΚΥΠΡΟΣ,Μπέλαπαϊς,Κερύνεια
9600,Κερύνεια,ΚΥΠΡΟΣ,Μύρτου,Κερύνεια
9547,Κερύνεια,ΚΥΠΡΟΣ,Ονίσια,Κερύνεια
9636,Κερύνεια,ΚΥΠΡΟΣ,Όρκα,Κερύνεια
9637,Κερύνεια,ΚΥΠΡΟΣ,Παλαιόσοφος,Κερύνεια
9638,Κερύνεια,ΚΥΠΡΟΣ,Πάναγρα,Κερύνεια
9548,Κερύνεια,ΚΥΠΡΟΣ,Πυλέρι,Κερύνεια
9620,Κερύνεια,ΚΥΠΡΟΣ,Σίσκληπος,Κερύνεια
9550,Κερύνεια,ΚΥΠΡΟΣ,Σταθμός Μπογαζίου,Κερύνεια
9549,Κερύνεια,ΚΥΠΡΟΣ,Συγχαρί,Κερύνεια
9515,Κερύνεια,ΚΥΠΡΟΣ,Τέμπλος,Κερύνεια
9575,Κερύνεια,ΚΥΠΡΟΣ,Τράπεζα,Κερύνεια
9516,Κερύνεια,ΚΥΠΡΟΣ,Τριμίθι,Κερύνεια
9639,Κερύνεια,ΚΥΠΡΟΣ,Φτέριχα,Κερύνεια
9551,Κερύνεια,ΚΥΠΡΟΣ,Φώττα,Κερύνεια
9576,Κερύνεια,ΚΥΠΡΟΣ,Χαλεύκα,Κερύνεια
9577,Κερύνεια,ΚΥΠΡΟΣ,Χάρτζια,Κερύνεια
7501,Λάρνακα,ΚΥΠΡΟΣ,Αβδελλερό,Λάρνακα
6370,Λάρνακα,ΚΥΠΡΟΣ,Αγγλικός Στρατός Δεκ,Λάρνακα
7571,Λάρνακα,ΚΥΠΡΟΣ,Αγγλισίδες,Λάρνακα
7641,Λάρνακα,ΚΥΠΡΟΣ,Αγία 'Αννα,Λάρνακα
7711,Λάρνακα,ΚΥΠΡΟΣ,Αγίοι Βαβατσινίας,Λάρνακα
7730,Λάρνακα,ΚΥΠΡΟΣ,Άγιος Θεόδωρος Σκαρί,Λάρνακα
7600,Λάρνακα,ΚΥΠΡΟΣ,Αθηένου,Λάρνακα
7572,Λάρνακα,ΚΥΠΡΟΣ,Αλαμινός,Λάρνακα
7570,Λάρνακα,ΚΥΠΡΟΣ,Αλεθρικό,Λάρνακα
7573,Λάρνακα,ΚΥΠΡΟΣ,Αναφωτία,Λάρνακα
7574,Λάρνακα,ΚΥΠΡΟΣ,Απλάντα,Λάρνακα
7620,Λάρνακα,ΚΥΠΡΟΣ,Άρσος Λάρνακας,Λάρνακα
7712,Λάρνακα,ΚΥΠΡΟΣ,Βαβατσινιά,Λάρνακα
7713,Λάρνακα,ΚΥΠΡΟΣ,Βάβλα,Λάρνακα
7738,Λάρνακα,ΚΥΠΡΟΣ,Βασιλικό,Λάρνακα
7502,Λάρνακα,ΚΥΠΡΟΣ,Δεκέλεια,Λάρνακα
7642,Λάρνακα,ΚΥΠΡΟΣ,Δελίκηπος,Λάρνακα
7722,Λάρνακα,ΚΥΠΡΟΣ,Δράπεια,Λάρνακα
7020,Λάρνακα,ΚΥΠΡΟΣ,Δρομολαξιά,Λάρνακα
7714,Λάρνακα,ΚΥΠΡΟΣ,Δρυς Κάτω,Λάρνακα
7739,Λάρνακα,ΚΥΠΡΟΣ,Ζύγι,Λάρνακα
7733,Λάρνακα,ΚΥΠΡΟΣ,Καλαβασός,Λάρνακα
7643,Λάρνακα,ΚΥΠΡΟΣ,Καλό Χωριό Λάρνακας,Λάρνακα
7503,Λάρνακα,ΚΥΠΡΟΣ,Κελλιά,Λάρνακα
7575,Λάρνακα,ΚΥΠΡΟΣ,Κιβισίλι,Λάρνακα
7550,Λάρνακα,ΚΥΠΡΟΣ,Κίτι,Λάρνακα
7576,Λάρνακα,ΚΥΠΡΟΣ,Κλαυδιά,Λάρνακα
7640,Λάρνακα,ΚΥΠΡΟΣ,Κόρνος,Λάρνακα
7621,Λάρνακα,ΚΥΠΡΟΣ,Κόσιη,Λάρνακα
7735,Λάρνακα,ΚΥΠΡΟΣ,Κοφίνου,Λάρνακα
7715,Λάρνακα,ΚΥΠΡΟΣ,Λάγεια,Λάρνακα
7060,Λάρνακα,ΚΥΠΡΟΣ,Λειβάδια Λάρνακας,Λάρνακα
7710,Λάρνακα,ΚΥΠΡΟΣ,Λεύκαρα Κάτω,Λάρνακα
7700,Λάρνακα,ΚΥΠΡΟΣ,Λεύκαρα Πάνω,Λάρνακα
7577,Λάρνακα,ΚΥΠΡΟΣ,Μαζωτός,Λάρνακα
7736,Λάρνακα,ΚΥΠΡΟΣ,Μαρί,Λάρνακα
7737,Λάρνακα,ΚΥΠΡΟΣ,Μαρώνι,Λάρνακα
7716,Λάρνακα,ΚΥΠΡΟΣ,Μελίνη,Λάρνακα
7622,Λάρνακα,ΚΥΠΡΟΣ,Μελούσεια,Λάρνακα
7000,Λάρνακα,ΚΥΠΡΟΣ,Μενεού,Λάρνακα
7578,Λάρνακα,ΚΥΠΡΟΣ,Μενόγεια,Λάρνακα
7650,Λάρνακα,ΚΥΠΡΟΣ,Μονή Αγίας Βαρβάρας,Λάρνακα
7644,Λάρνακα,ΚΥΠΡΟΣ,Μονή Αγίας Θέκλας,Λάρνακα
7717,Λάρνακα,ΚΥΠΡΟΣ,Μονή Αγίου Μηνά,Λάρνακα
7509,Λάρνακα,ΚΥΠΡΟΣ,Μονή Μεταμορφώσεως,Λάρνακα
7646,Λάρνακα,ΚΥΠΡΟΣ,Μονή Παναγίας Γαλακτ,Λάρνακα
7645,Λάρνακα,ΚΥΠΡΟΣ,Μονή Σταυροβουνίου,Λάρνακα
7647,Λάρνακα,ΚΥΠΡΟΣ,Μοσφιλωτή,Λάρνακα
7510,Λάρνακα,ΚΥΠΡΟΣ,Ξυλοτύμπου,Λάρνακα
7520,Λάρνακα,ΚΥΠΡΟΣ,Ξυλοφάγου,Λάρνακα
7718,Λάρνακα,ΚΥΠΡΟΣ,Οδού,Λάρνακα
7719,Λάρνακα,ΚΥΠΡΟΣ,Ορά,Λάρνακα
7530,Λάρνακα,ΚΥΠΡΟΣ,Ορμήδεια,Λάρνακα
7040,Λάρνακα,ΚΥΠΡΟΣ,Ορόκλινη (Βορόκλινη),Λάρνακα
7041,Λάρνακα,ΚΥΠΡΟΣ,Ορόκλινη Τουριστική ,Λάρνακα
7721,Λάρνακα,ΚΥΠΡΟΣ,Παρσάτα,Λάρνακα
7560,Λάρνακα,ΚΥΠΡΟΣ,Περβόλια Λάρνακας,Λάρνακα
7504,Λάρνακα,ΚΥΠΡΟΣ,Πέργαμος,Λάρνακα
7623,Λάρνακα,ΚΥΠΡΟΣ,Πετροφάνι,Λάρνακα
7506,Λάρνακα,ΚΥΠΡΟΣ,Προσφυγικός Συνοικισ,Λάρνακα
7508,Λάρνακα,ΚΥΠΡΟΣ,Προσφυγικός Συνοικισ,Λάρνακα
7080,Λάρνακα,ΚΥΠΡΟΣ,Πύλα,Λάρνακα
7081,Λάρνακα,ΚΥΠΡΟΣ,Πύλα Τουριστική Περι,Λάρνακα
7648,Λάρνακα,ΚΥΠΡΟΣ,Πυργά Λάρνακας,Λάρνακα
7731,Λάρνακα,ΚΥΠΡΟΣ,Σκαρίνου,Λάρνακα
7561,Λάρνακα,ΚΥΠΡΟΣ,Σοφτάδες,Λάρνακα
7734,Λάρνακα,ΚΥΠΡΟΣ,Σταθμός Καλαβασού,Λάρνακα
7732,Λάρνακα,ΚΥΠΡΟΣ,Σταθμός Σκαρίνου,Λάρνακα
7742,Λάρνακα,ΚΥΠΡΟΣ,Σταθμός Χοιροκοιτίας,Λάρνακα
7562,Λάρνακα,ΚΥΠΡΟΣ,Τερσεφάνου,Λάρνακα
7740,Λάρνακα,ΚΥΠΡΟΣ,Τόχνη,Λάρνακα
7624,Λάρνακα,ΚΥΠΡΟΣ,Τρεμετουσιά,Λάρνακα
7505,Λάρνακα,ΚΥΠΡΟΣ,Τρούλλοι,Λάρνακα
7741,Λάρνακα,ΚΥΠΡΟΣ,Χοιροκοιτία,Λάρνακα
7743,Λάρνακα,ΚΥΠΡΟΣ,Ψεματισμένος,Λάρνακα
7649,Λάρνακα,ΚΥΠΡΟΣ,Ψευδάς,Λάρνακα
4710,Λεμεσός,ΚΥΠΡΟΣ,Άγιος Αμβρόσιος Λεμε,Λεμεσός
4740,Λεμεσός,ΚΥΠΡΟΣ,Άγιος Γεώργιος Λεμεσ,Λεμεσός
4842,Λεμεσός,ΚΥΠΡΟΣ,Άγιος Δημήτριος,Λεμεσός
4870,Λεμεσός,ΚΥΠΡΟΣ,Άγιος Θεόδωρος Αγρού,Λεμεσός
4711,Λεμεσός,ΚΥΠΡΟΣ,Άγιος Θεράπων,Λεμεσός
4606,Λεμεσός,ΚΥΠΡΟΣ,Άγιος Θωμάς,Λεμεσός
4871,Λεμεσός,ΚΥΠΡΟΣ,Άγιος Ιωάννης Αγρού,Λεμεσός
4561,Λεμεσός,ΚΥΠΡΟΣ,Άγιος Κωνσταντίνος,Λεμεσός
4741,Λεμεσός,ΚΥΠΡΟΣ,Άγιος Μάμας,Λεμεσός
4562,Λεμεσός,ΚΥΠΡΟΣ,Άγιος Παύλος,Λεμεσός
4521,Λεμεσός,ΚΥΠΡΟΣ,Άγιος Τύχωνας,Λεμεσός
4872,Λεμεσός,ΚΥΠΡΟΣ,Αγρίδια,Λεμεσός
4860,Λεμεσός,ΚΥΠΡΟΣ,Αγρός,Λεμεσός
4567,Λεμεσός,ΚΥΠΡΟΣ,Αθρακός,Λεμεσός
4501,Λεμεσός,ΚΥΠΡΟΣ,Ακαπνού,Λεμεσός
4522,Λεμεσός,ΚΥΠΡΟΣ,Ακρούντα,Λεμεσός
4640,Λεμεσός,ΚΥΠΡΟΣ,Ακρωτήρι,Λεμεσός
4528,Λεμεσός,ΚΥΠΡΟΣ,Ακτή του Κυβερνήτη,Λεμεσός
4712,Λεμεσός,ΚΥΠΡΟΣ,Άλασσα,Λεμεσός
4602,Λεμεσός,ΚΥΠΡΟΣ,Αλέκτορα,Λεμεσός
4810,Λεμεσός,ΚΥΠΡΟΣ,Αμίαντος Κάτω,Λεμεσός
4811,Λεμεσός,ΚΥΠΡΟΣ,Αμίαντος Πάνω,Λεμεσός
4603,Λεμεσός,ΚΥΠΡΟΣ,Ανώγυρα,Λεμεσός
4541,Λεμεσός,ΚΥΠΡΟΣ,Απεσιά,Λεμεσός
4563,Λεμεσός,ΚΥΠΡΟΣ,Αρακαπάς,Λεμεσός
4523,Λεμεσός,ΚΥΠΡΟΣ,Αρμενοχώρι,Λεμεσός
4770,Λεμεσός,ΚΥΠΡΟΣ,Άρσος Λεμεσού,Λεμεσός
4502,Λεμεσός,ΚΥΠΡΟΣ,Ασγάτα,Λεμεσός
4645,Λεμεσός,ΚΥΠΡΟΣ,Ασώματος Λεμεσού,Λεμεσός
4600,Λεμεσός,ΚΥΠΡΟΣ,Αυδήμου,Λεμεσός
4542,Λεμεσός,ΚΥΠΡΟΣ,Αψιού,Λεμεσός
4504,Λεμεσός,ΚΥΠΡΟΣ,Βάσα Κελλακίου,Λεμεσός
4771,Λεμεσός,ΚΥΠΡΟΣ,Βάσα Κοιλανίου,Λεμεσός
4509,Λεμεσός,ΚΥΠΡΟΣ,Βίκλα,Λεμεσός
4772,Λεμεσός,ΚΥΠΡΟΣ,Βουνί,Λεμεσός
4543,Λεμεσός,ΚΥΠΡΟΣ,Γεράσα,Λεμεσός
4773,Λεμεσός,ΚΥΠΡΟΣ,Γεροβάσα,Λεμεσός
4841,Λεμεσός,ΚΥΠΡΟΣ,Δασικό Κολέγιο Κύπρο,Λεμεσός
4564,Λεμεσός,ΚΥΠΡΟΣ,Διερώνα,Λεμεσός
4873,Λεμεσός,ΚΥΠΡΟΣ,Δύμες,Λεμεσός
4774,Λεμεσός,ΚΥΠΡΟΣ,Δωρά,Λεμεσός
4750,Λεμεσός,ΚΥΠΡΟΣ,Δωρός,Λεμεσός
4620,Λεμεσός,ΚΥΠΡΟΣ,Επισκοπή Λεμεσού,Λεμεσός
4506,Λεμεσός,ΚΥΠΡΟΣ,Επταγώνεια,Λεμεσός
4630,Λεμεσός,ΚΥΠΡΟΣ,Ερήμη,Λεμεσός
4713,Λεμεσός,ΚΥΠΡΟΣ,Ζανατζιά,Λεμεσός
4565,Λεμεσός,ΚΥΠΡΟΣ,Ζωοπηγή,Λεμεσός
4566,Λεμεσός,ΚΥΠΡΟΣ,Καλό Χωριό Λεμεσού,Λεμεσός
4843,Λεμεσός,ΚΥΠΡΟΣ,Καμινάρια,Λεμεσός
4631,Λεμεσός,ΚΥΠΡΟΣ,Καντού,Λεμεσός
4544,Λεμεσός,ΚΥΠΡΟΣ,Καπηλειό,Λεμεσός
4500,Λεμεσός,ΚΥΠΡΟΣ,Κελλάκι,Λεμεσός
4714,Λεμεσός,ΚΥΠΡΟΣ,Κιβίδες Κάτω,Λεμεσός
4715,Λεμεσός,ΚΥΠΡΟΣ,Κιβίδες Πάνω,Λεμεσός
4775,Λεμεσός,ΚΥΠΡΟΣ,Κισσούσα,Λεμεσός
4507,Λεμεσός,ΚΥΠΡΟΣ,Κλωνάρι,Λεμεσός
4776,Λεμεσός,ΚΥΠΡΟΣ,Κοιλάνι,Λεμεσός
4632,Λεμεσός,ΚΥΠΡΟΣ,Κολόσσι,Λεμεσός
4636,Λεμεσός,ΚΥΠΡΟΣ,Κολόσσι (Συνοικισμός,Λεμεσός
4545,Λεμεσός,ΚΥΠΡΟΣ,Κορφή,Λεμεσός
4743,Λεμεσός,ΚΥΠΡΟΣ,Κουκά,Λεμεσός
4876,Λεμεσός,ΚΥΠΡΟΣ,Κυπερούντα,Λεμεσός
4744,Λεμεσός,ΚΥΠΡΟΣ,Λάνεια,Λεμεσός
4844,Λεμεσός,ΚΥΠΡΟΣ,Λεμύθου,Λεμεσός
4546,Λεμεσός,ΚΥΠΡΟΣ,Λιμνάτης,Λεμεσός
4560,Λεμεσός,ΚΥΠΡΟΣ,Λουβαράς,Λεμεσός
4716,Λεμεσός,ΚΥΠΡΟΣ,Λόφου,Λεμεσός
4547,Λεμεσός,ΚΥΠΡΟΣ,Μαθηκολώνη,Λεμεσός
4777,Λεμεσός,ΚΥΠΡΟΣ,Μαλιά,Λεμεσός
4778,Λεμεσός,ΚΥΠΡΟΣ,Μανδριά Λεμεσού,Λεμεσός
4745,Λεμεσός,ΚΥΠΡΟΣ,Μέσα Ποταμός,Λεμεσός
4746,Λεμεσός,ΚΥΠΡΟΣ,Μονάγρι,Λεμεσός
4524,Λεμεσός,ΚΥΠΡΟΣ,Μοναγρούλλι,Λεμεσός
4525,Λεμεσός,ΚΥΠΡΟΣ,Μονή,Λεμεσός
4526,Λεμεσός,ΚΥΠΡΟΣ,Μονή Αγίου Γεωργίου ,Λεμεσός
4650,Λεμεσός,ΚΥΠΡΟΣ,Μονή Αγίου Νικολάου,Λεμεσός
4548,Λεμεσός,ΚΥΠΡΟΣ,Μονή Ευαγγελίστριας,Λεμεσός
4508,Λεμεσός,ΚΥΠΡΟΣ,Μονή Ζωοδόχου Πηγής,Λεμεσός
4847,Λεμεσός,ΚΥΠΡΟΣ,Μονή Παναγίας Τρικου,Λεμεσός
4812,Λεμεσός,ΚΥΠΡΟΣ,Μονή Τροοδίτισσας,Λεμεσός
4747,Λεμεσός,ΚΥΠΡΟΣ,Μονιάτης,Λεμεσός
4552,Λεμεσός,ΚΥΠΡΟΣ,Μόντε Κορφή,Λεμεσός
4527,Λεμεσός,ΚΥΠΡΟΣ,Μουτταγιάκα,Λεμεσός
4874,Λεμεσός,ΚΥΠΡΟΣ,Μύλος Κάτω,Λεμεσός
4760,Λεμεσός,ΚΥΠΡΟΣ,Όμοδος,Λεμεσός
4845,Λεμεσός,ΚΥΠΡΟΣ,Παλαιόμυλος,Λεμεσός
4549,Λεμεσός,ΚΥΠΡΟΣ,Παλόδεια,Λεμεσός
4604,Λεμεσός,ΚΥΠΡΟΣ,Παραμάλι,Λεμεσός
4540,Λεμεσός,ΚΥΠΡΟΣ,Παραμύθα,Λεμεσός
4520,Λεμεσός,ΚΥΠΡΟΣ,Παρεκκλησιά,Λεμεσός
4533,Λεμεσός,ΚΥΠΡΟΣ,Παρεκκλησιά Τουριστι,Λεμεσός
4700,Λεμεσός,ΚΥΠΡΟΣ,Πάχνα,Λεμεσός
4878,Λεμεσός,ΚΥΠΡΟΣ,Πελένδρι,Λεμεσός
4528,Λεμεσός,ΚΥΠΡΟΣ,Πεντάκωμο,Λεμεσός
4779,Λεμεσός,ΚΥΠΡΟΣ,Πέρα Πεδί,Λεμεσός
4607,Λεμεσός,ΚΥΠΡΟΣ,Πισσούρι,Λεμεσός
4605,Λεμεσός,ΚΥΠΡΟΣ,Πλατανίστεια,Λεμεσός
4503,Λεμεσός,ΚΥΠΡΟΣ,Πλατιές Μεταλλεία,Λεμεσός
4815,Λεμεσός,ΚΥΠΡΟΣ,Πλάτρες Κάτω,Λεμεσός
4820,Λεμεσός,ΚΥΠΡΟΣ,Πλάτρες Πάνω,Λεμεσός
4780,Λεμεσός,ΚΥΠΡΟΣ,Ποταμιού,Λεμεσός
4879,Λεμεσός,ΚΥΠΡΟΣ,Ποταμίτισσα,Λεμεσός
4601,Λεμεσός,ΚΥΠΡΟΣ,Πραστειό Αυδήμου,Λεμεσός
4505,Λεμεσός,ΚΥΠΡΟΣ,Πραστειό Κελλακίου,Λεμεσός
4840,Λεμεσός,ΚΥΠΡΟΣ,Πρόδρομος,Λεμεσός
4511,Λεμεσός,ΚΥΠΡΟΣ,Προφήτης Ηλίας,Λεμεσός
4529,Λεμεσός,ΚΥΠΡΟΣ,Πύργος Λεμεσού,Λεμεσός
4534,Λεμεσός,ΚΥΠΡΟΣ,Πύργος Τουριστική Πε,Λεμεσός
4748,Λεμεσός,ΚΥΠΡΟΣ,Σαϊττάς,Λεμεσός
4877,Λεμεσός,ΚΥΠΡΟΣ,Σανατόριο Κυπερούντα,Λεμεσός
4510,Λεμεσός,ΚΥΠΡΟΣ,Σανίδα,Λεμεσός
4742,Λεμεσός,ΚΥΠΡΟΣ,Σιλίκου,Λεμεσός
4717,Λεμεσός,ΚΥΠΡΟΣ,Σούνι,Λεμεσός
4550,Λεμεσός,ΚΥΠΡΟΣ,Σπιτάλι,Λεμεσός
4570,Λεμεσός,ΚΥΠΡΟΣ,Σταθμός Καλού Χωριού,Λεμεσός
4751,Λεμεσός,ΚΥΠΡΟΣ,Σταθμός Λάνειας,Λεμεσός
4813,Λεμεσός,ΚΥΠΡΟΣ,Σταθμός Μόζορα,Λεμεσός
4568,Λεμεσός,ΚΥΠΡΟΣ,Σταθμός Πεύκου,Λεμεσός
4608,Λεμεσός,ΚΥΠΡΟΣ,Σταθμός Πισσουρίου,Λεμεσός
4749,Λεμεσός,ΚΥΠΡΟΣ,Σταθμός Φιλάγρων,Λεμεσός
4635,Λεμεσός,ΚΥΠΡΟΣ,Στερακόβου,Λεμεσός
4569,Λεμεσός,ΚΥΠΡΟΣ,Συκόπετρα,Λεμεσός
4634,Λεμεσός,ΚΥΠΡΟΣ,Σύμβουλος,Λεμεσός
4848,Λεμεσός,ΚΥΠΡΟΣ,Σχολή Μιτσή,Λεμεσός
4633,Λεμεσός,ΚΥΠΡΟΣ,Σωτήρα Λεμεσού,Λεμεσός
4651,Λεμεσός,ΚΥΠΡΟΣ,Τραχώνι Λεμεσού,Λεμεσός
4846,Λεμεσός,ΚΥΠΡΟΣ,Τρεις Ελιές,Λεμεσός
4730,Λεμεσός,ΚΥΠΡΟΣ,Τριμίκλινη,Λεμεσός
4781,Λεμεσός,ΚΥΠΡΟΣ,Τρόζαινα,Λεμεσός
4800,Λεμεσός,ΚΥΠΡΟΣ,Τρόοδος,Λεμεσός
4652,Λεμεσός,ΚΥΠΡΟΣ,Τσερκέζ Τσιφτλίκ,Λεμεσός
4551,Λεμεσός,ΚΥΠΡΟΣ,Φασούλα Λεμεσού,Λεμεσός
4653,Λεμεσός,ΚΥΠΡΟΣ,Φασούρι,Λεμεσός
4814,Λεμεσός,ΚΥΠΡΟΣ,Φοινί,Λεμεσός
4530,Λεμεσός,ΚΥΠΡΟΣ,Φοινικάρια,Λεμεσός
4875,Λεμεσός,ΚΥΠΡΟΣ,Χανδριά,Λεμεσός
1370,Λευκωσία,ΚΥΠΡΟΣ,Αγγλικός Στρατός Λευ,Λευκωσία
2826,Λευκωσία,ΚΥΠΡΟΣ,Αγγολέμι,Λευκωσία
2560,Λευκωσία,ΚΥΠΡΟΣ,Αγία Βαρβάρα Λευκωσί,Λευκωσία
2820,Λευκωσία,ΚΥΠΡΟΣ,Αγία Ειρήνη Λευκωσία,Λευκωσία
2561,Λευκωσία,ΚΥΠΡΟΣ,Αγιά Κεπήρ,Λευκωσία
2772,Λευκωσία,ΚΥΠΡΟΣ,Αγία Μαρίνα Ξυλιάτου,Λευκωσία
2670,Λευκωσία,ΚΥΠΡΟΣ,Αγία Μαρίνα Σκυλλούρ,Λευκωσία
2775,Λευκωσία,ΚΥΠΡΟΣ,Αγίοι Ηλιόφωτοι,Λευκωσία
2671,Λευκωσία,ΚΥΠΡΟΣ,Αγίοι Τριμιθιάς,Λευκωσία
2952,Λευκωσία,ΚΥΠΡΟΣ,Άγιον Γεωργούδι,Λευκωσία
2672,Λευκωσία,ΚΥΠΡΟΣ,Άγιος Βασίλειος,Λευκωσία
2773,Λευκωσία,ΚΥΠΡΟΣ,Άγιος Γεώργιος Καυκά,Λευκωσία
2822,Λευκωσία,ΚΥΠΡΟΣ,Άγιος Γεώργιος Σολέα,Λευκωσία
2610,Λευκωσία,ΚΥΠΡΟΣ,Άγιος Επιφάνιος Ορει,Λευκωσία
2821,Λευκωσία,ΚΥΠΡΟΣ,Άγιος Επιφάνιος Σολέ,Λευκωσία
2823,Λευκωσία,ΚΥΠΡΟΣ,Άγιος Θεόδωρος Σολέα,Λευκωσία
2951,Λευκωσία,ΚΥΠΡΟΣ,Άγιος Θεόδωρος Τηλλυ,Λευκωσία
2611,Λευκωσία,ΚΥΠΡΟΣ,Άγιος Ιωάννης Μαλούν,Λευκωσία
2965,Λευκωσία,ΚΥΠΡΟΣ,Άγιος Ιωάννης Τηλλυρ,Λευκωσία
2824,Λευκωσία,ΚΥΠΡΟΣ,Άγιος Νικόλαος Λεύκα,Λευκωσία
2825,Λευκωσία,ΚΥΠΡΟΣ,Άγιος Νικόλαος Στέγη,Λευκωσία
2562,Λευκωσία,ΚΥΠΡΟΣ,Άγιος Σωζόμενος,Λευκωσία
2617,Λευκωσία,ΚΥΠΡΟΣ,Αγροκηπιά,Λευκωσία
2837,Λευκωσία,ΚΥΠΡΟΣ,Αγρολάδου,Λευκωσία
2720,Λευκωσία,ΚΥΠΡΟΣ,Ακάκι,Λευκωσία
2563,Λευκωσία,ΚΥΠΡΟΣ,Αλάμπρα,Λευκωσία
2953,Λευκωσία,ΚΥΠΡΟΣ,Αλεύκα,Λευκωσία
2750,Λευκωσία,ΚΥΠΡΟΣ,Αληθινού,Λευκωσία
2751,Λευκωσία,ΚΥΠΡΟΣ,Άλωνα,Λευκωσία
2954,Λευκωσία,ΚΥΠΡΟΣ,Αμμαδιές,Λευκωσία
2920,Λευκωσία,ΚΥΠΡΟΣ,Αμπελικού,Λευκωσία
2640,Λευκωσία,ΚΥΠΡΟΣ,Ανάγυια,Λευκωσία
2641,Λευκωσία,ΚΥΠΡΟΣ,Αναλιόντας,Λευκωσία
2613,Λευκωσία,ΚΥΠΡΟΣ,Απλίκι,Λευκωσία
2721,Λευκωσία,ΚΥΠΡΟΣ,Αργάκι,Λευκωσία
2614,Λευκωσία,ΚΥΠΡΟΣ,Αρεδιού,Λευκωσία
2778,Λευκωσία,ΚΥΠΡΟΣ,Ασίνου,Λευκωσία
2752,Λευκωσία,ΚΥΠΡΟΣ,Ασκάς,Λευκωσία
2722,Λευκωσία,ΚΥΠΡΟΣ,Αστρομερίτης,Λευκωσία
2673,Λευκωσία,ΚΥΠΡΟΣ,Αυλώνα,Λευκωσία
2921,Λευκωσία,ΚΥΠΡΟΣ,Βαρίσια,Λευκωσία
2860,Λευκωσία,ΚΥΠΡΟΣ,Βροΐσια,Λευκωσία
2774,Λευκωσία,ΚΥΠΡΟΣ,Βυζακιά,Λευκωσία
2520,Λευκωσία,ΚΥΠΡΟΣ,Βώνη,Λευκωσία
2827,Λευκωσία,ΚΥΠΡΟΣ,Γαλάτα,Λευκωσία
2922,Λευκωσία,ΚΥΠΡΟΣ,Γαληνή,Λευκωσία
2861,Λευκωσία,ΚΥΠΡΟΣ,Γερακιές,Λευκωσία
2674,Λευκωσία,ΚΥΠΡΟΣ,Γερόλακκος,Λευκωσία
2615,Λευκωσία,ΚΥΠΡΟΣ,Γούρρη,Λευκωσία
2540,Λευκωσία,ΚΥΠΡΟΣ,Δάλι,Λευκωσία
2828,Λευκωσία,ΚΥΠΡΟΣ,Δασικός Σταθμός Καπο,Λευκωσία
2782,Λευκωσία,ΚΥΠΡΟΣ,Δασικός Σταθμός Πανα,Λευκωσία
2829,Λευκωσία,ΚΥΠΡΟΣ,Δασικός Σταθμός Πλατ,Λευκωσία
2675,Λευκωσία,ΚΥΠΡΟΣ,Δένεια,Λευκωσία
2450,Λευκωσία,ΚΥΠΡΟΣ,Δευτερά Κάτω,Λευκωσία
2460,Λευκωσία,ΚΥΠΡΟΣ,Δευτερά Πάνω,Λευκωσία
2676,Λευκωσία,ΚΥΠΡΟΣ,Δύο Ποταμοί,Λευκωσία
2830,Λευκωσία,ΚΥΠΡΟΣ,Ελιά Μόρφου,Λευκωσία
1380,Λευκωσία,ΚΥΠΡΟΣ,Ελληνική Δύναμη Κύπρ,Λευκωσία
2521,Λευκωσία,ΚΥΠΡΟΣ,Έξω Μετόχι,Λευκωσία
2642,Λευκωσία,ΚΥΠΡΟΣ,Επισκοπειό,Λευκωσία
2522,Λευκωσία,ΚΥΠΡΟΣ,Επιχώ,Λευκωσία
2643,Λευκωσία,ΚΥΠΡΟΣ,Εργάτες,Λευκωσία
2831,Λευκωσία,ΚΥΠΡΟΣ,Ευρύχου,Λευκωσία
2723,Λευκωσία,ΚΥΠΡΟΣ,Ζώδια Κάτω,Λευκωσία
2724,Λευκωσία,ΚΥΠΡΟΣ,Ζώδια Πάνω,Λευκωσία
2546,Λευκωσία,ΚΥΠΡΟΣ,Ηλιούπολη,Λευκωσία
2923,Λευκωσία,ΚΥΠΡΟΣ,Καζιβερά,Λευκωσία
2800,Λευκωσία,ΚΥΠΡΟΣ,Κακοπετριά,Λευκωσία
2832,Λευκωσία,ΚΥΠΡΟΣ,Καλιάνα,Λευκωσία
2548,Λευκωσία,ΚΥΠΡΟΣ,Καλλιθέα,Λευκωσία
2616,Λευκωσία,ΚΥΠΡΟΣ,Καλό Χωριό Κλήρου,Λευκωσία
2833,Λευκωσία,ΚΥΠΡΟΣ,Καλό Χωριό Λεύκας,Λευκωσία
2726,Λευκωσία,ΚΥΠΡΟΣ,Καλό Χωριό Μόρφου (Κ,Λευκωσία
2862,Λευκωσία,ΚΥΠΡΟΣ,Καλοπαναγιώτης,Λευκωσία
2523,Λευκωσία,ΚΥΠΡΟΣ,Καλυβάκια,Λευκωσία
2619,Λευκωσία,ΚΥΠΡΟΣ,Καμπί Φαρμακά,Λευκωσία
2644,Λευκωσία,ΚΥΠΡΟΣ,Καμπιά,Λευκωσία
2863,Λευκωσία,ΚΥΠΡΟΣ,Κάμπος,Λευκωσία
2677,Λευκωσία,ΚΥΠΡΟΣ,Κανλί,Λευκωσία
2834,Λευκωσία,ΚΥΠΡΟΣ,Καννάβια,Λευκωσία
2645,Λευκωσία,ΚΥΠΡΟΣ,Καπέδες,Λευκωσία
2924,Λευκωσία,ΚΥΠΡΟΣ,Καραβοστάσι,Λευκωσία
2646,Λευκωσία,ΚΥΠΡΟΣ,Καταλιόντας,Λευκωσία
2835,Λευκωσία,ΚΥΠΡΟΣ,Κατύδατα,Λευκωσία
2776,Λευκωσία,ΚΥΠΡΟΣ,Κάτω Μονή ,Λευκωσία
2725,Λευκωσία,ΚΥΠΡΟΣ,Κατωκοπιά,Λευκωσία
2678,Λευκωσία,ΚΥΠΡΟΣ,Κιόνελι,Λευκωσία
2600,Λευκωσία,ΚΥΠΡΟΣ,Κλήρου,Λευκωσία
2955,Λευκωσία,ΚΥΠΡΟΣ,Κόκκινα,Λευκωσία
2660,Λευκωσία,ΚΥΠΡΟΣ,Κοκκινοτριμιθιά,Λευκωσία
2836,Λευκωσία,ΚΥΠΡΟΣ,Κοράκου,Λευκωσία
2564,Λευκωσία,ΚΥΠΡΟΣ,Κοτσιάτης,Λευκωσία
2846,Λευκωσία,ΚΥΠΡΟΣ,Κούρδαλι,Λευκωσία
2524,Λευκωσία,ΚΥΠΡΟΣ,Κουρού Μοναστήρι,Λευκωσία
2770,Λευκωσία,ΚΥΠΡΟΣ,Κουτραφάς Κάτω,Λευκωσία
2771,Λευκωσία,ΚΥΠΡΟΣ,Κουτραφάς Πάνω,Λευκωσία
2500,Λευκωσία,ΚΥΠΡΟΣ,Κυθρέα,Λευκωσία
2727,Λευκωσία,ΚΥΠΡΟΣ,Κυρά,Λευκωσία
2547,Λευκωσία,ΚΥΠΡΟΣ,Κωνστάντια,Λευκωσία
2753,Λευκωσία,ΚΥΠΡΟΣ,Λαγουδερά,Λευκωσία
2618,Λευκωσία,ΚΥΠΡΟΣ,Λαζανιάς,Λευκωσία
2754,Λευκωσία,ΚΥΠΡΟΣ,Λειβάδια Πιτσιλιάς,Λευκωσία
2900,Λευκωσία,ΚΥΠΡΟΣ,Λεύκα,Λευκωσία
2956,Λευκωσία,ΚΥΠΡΟΣ,Λιμνίτης,Λευκωσία
2845,Λευκωσία,ΚΥΠΡΟΣ,Λινού,Λευκωσία
2567,Λευκωσία,ΚΥΠΡΟΣ,Λουρουτζίνα,Λευκωσία
2957,Λευκωσία,ΚΥΠΡΟΣ,Λουτρός,Λευκωσία
2565,Λευκωσία,ΚΥΠΡΟΣ,Λυθροδόντας,Λευκωσία
2566,Λευκωσία,ΚΥΠΡΟΣ,Λύμπια,Λευκωσία
2568,Λευκωσία,ΚΥΠΡΟΣ,Μαθιάτης,Λευκωσία
2612,Λευκωσία,ΚΥΠΡΟΣ,Μαλούντα Λευκωσίας,Λευκωσία
2679,Λευκωσία,ΚΥΠΡΟΣ,Μάμμαρι,Λευκωσία
2958,Λευκωσία,ΚΥΠΡΟΣ,Μανσούρα,Λευκωσία
2647,Λευκωσία,ΚΥΠΡΟΣ,Μαρκί,Λευκωσία
2569,Λευκωσία,ΚΥΠΡΟΣ,Μαρκό,Λευκωσία
2680,Λευκωσία,ΚΥΠΡΟΣ,Μάσαρι,Λευκωσία
2728,Λευκωσία,ΚΥΠΡΟΣ,Μένοικο,Λευκωσία
2864,Λευκωσία,ΚΥΠΡΟΣ,Μηλικούρι,Λευκωσία
2525,Λευκωσία,ΚΥΠΡΟΣ,Μια Μηλιά,Λευκωσία
2622,Λευκωσία,ΚΥΠΡΟΣ,Μιτσερό,Λευκωσία
2648,Λευκωσία,ΚΥΠΡΟΣ,Μονή Αγίου Ηρακλειδί,Λευκωσία
2624,Λευκωσία,ΚΥΠΡΟΣ,Μονή Αγίου Παντελεήμ,Λευκωσία
2649,Λευκωσία,ΚΥΠΡΟΣ,Μονή Αρχαγγέλου Μιχα,Λευκωσία
2865,Λευκωσία,ΚΥΠΡΟΣ,Μονή Κύκκου,Λευκωσία
2621,Λευκωσία,ΚΥΠΡΟΣ,Μονή Μαχαιρά,Λευκωσία
2653,Λευκωσία,ΚΥΠΡΟΣ,Μονή Παναγίας Θεοτόκ,Λευκωσία
2570,Λευκωσία,ΚΥΠΡΟΣ,Μονή Προφήτη Ηλία,Λευκωσία
2526,Λευκωσία,ΚΥΠΡΟΣ,Μόρα,Λευκωσία
2700,Λευκωσία,ΚΥΠΡΟΣ,Μόρφου,Λευκωσία
2959,Λευκωσία,ΚΥΠΡΟΣ,Μοσφίλι,Λευκωσία
2866,Λευκωσία,ΚΥΠΡΟΣ,Μουτουλλάς,Λευκωσία
2527,Λευκωσία,ΚΥΠΡΟΣ,Μπέη Κιογιού,Λευκωσία
2549,Λευκωσία,ΚΥΠΡΟΣ,Νέα Λήδρα,Λευκωσία
2925,Λευκωσία,ΚΥΠΡΟΣ,Νέο Λιβάδι,Λευκωσία
2528,Λευκωσία,ΚΥΠΡΟΣ,Νέο Χωρίο Κυθρέας,Λευκωσία
2571,Λευκωσία,ΚΥΠΡΟΣ,Νήσου,Λευκωσία
2777,Λευκωσία,ΚΥΠΡΟΣ,Νικητάρι,Λευκωσία
2926,Λευκωσία,ΚΥΠΡΟΣ,Νικήτας,Λευκωσία
2960,Λευκωσία,ΚΥΠΡΟΣ,Ξερόβουνος,Λευκωσία
2927,Λευκωσία,ΚΥΠΡΟΣ,Ξερός,Λευκωσία
2781,Λευκωσία,ΚΥΠΡΟΣ,Ξυλιάτος,Λευκωσία
2867,Λευκωσία,ΚΥΠΡΟΣ,Οίκος,Λευκωσία
2779,Λευκωσία,ΚΥΠΡΟΣ,Ορούντα,Λευκωσία
2681,Λευκωσία,ΚΥΠΡΟΣ,Ορτά Κιογιού,Λευκωσία
2529,Λευκωσία,ΚΥΠΡΟΣ,Παλαίκυθρο,Λευκωσία
2682,Λευκωσία,ΚΥΠΡΟΣ,Παλαιομέτοχο,Λευκωσία
2740,Λευκωσία,ΚΥΠΡΟΣ,Παλαιχώρι Μόρφου,Λευκωσία
2745,Λευκωσία,ΚΥΠΡΟΣ,Παλαιχώρι Ορεινής,Λευκωσία
2961,Λευκωσία,ΚΥΠΡΟΣ,Παχύαμμος,Λευκωσία
2850,Λευκωσία,ΚΥΠΡΟΣ,Πεδουλάς,Λευκωσία
2928,Λευκωσία,ΚΥΠΡΟΣ,Πεντάγυια,Λευκωσία
2650,Λευκωσία,ΚΥΠΡΟΣ,Πέρα Ορεινής,Λευκωσία
2572,Λευκωσία,ΚΥΠΡΟΣ,Πέρα Χωριό,Λευκωσία
2731,Λευκωσία,ΚΥΠΡΟΣ,Περιστερώνα Μόρφου,Λευκωσία
2929,Λευκωσία,ΚΥΠΡΟΣ,Περιστερωνάρι,Λευκωσία
2838,Λευκωσία,ΚΥΠΡΟΣ,Πέτρα,Λευκωσία
2530,Λευκωσία,ΚΥΠΡΟΣ,Πέτρα του Διγενή,Λευκωσία
2962,Λευκωσία,ΚΥΠΡΟΣ,Πηγένια,Λευκωσία
2755,Λευκωσία,ΚΥΠΡΟΣ,Πλατανιστάσα,Λευκωσία
2651,Λευκωσία,ΚΥΠΡΟΣ,Πολιτικό,Λευκωσία
2756,Λευκωσία,ΚΥΠΡΟΣ,Πολύστυπος,Λευκωσία
2780,Λευκωσία,ΚΥΠΡΟΣ,Ποτάμι,Λευκωσία
2573,Λευκωσία,ΚΥΠΡΟΣ,Ποταμιά,Λευκωσία
2930,Λευκωσία,ΚΥΠΡΟΣ,Ποταμός του Κάμπου,Λευκωσία
2931,Λευκωσία,ΚΥΠΡΟΣ,Πραστειό Μόρφου,Λευκωσία
2940,Λευκωσία,ΚΥΠΡΟΣ,Πύργος Κάτω Τηλλυρία,Λευκωσία
2950,Λευκωσία,ΚΥΠΡΟΣ,Πύργος Πάνω Τηλλυρία,Λευκωσία
2531,Λευκωσία,ΚΥΠΡΟΣ,Πυρόι,Λευκωσία
2757,Λευκωσία,ΚΥΠΡΟΣ,Σαράντι,Λευκωσία
2964,Λευκωσία,ΚΥΠΡΟΣ,Σελλάϊν τ’ 'Αππη,Λευκωσία
2574,Λευκωσία,ΚΥΠΡΟΣ,Σιά,Λευκωσία
2839,Λευκωσία,ΚΥΠΡΟΣ,Σινά Όρος,Λευκωσία
2840,Λευκωσία,ΚΥΠΡΟΣ,Σκουριώτισσα,Λευκωσία
2683,Λευκωσία,ΚΥΠΡΟΣ,Σκυλλούρα,Λευκωσία
2932,Λευκωσία,ΚΥΠΡΟΣ,Σόλοι,Λευκωσία
2841,Λευκωσία,ΚΥΠΡΟΣ,Σπήλια,Λευκωσία
2868,Λευκωσία,ΚΥΠΡΟΣ,Σταθμός Ορκόντα,Λευκωσία
2729,Λευκωσία,ΚΥΠΡΟΣ,Συριανοχώρι,Λευκωσία
2842,Λευκωσία,ΚΥΠΡΟΣ,Τεμπριά,Λευκωσία
2470,Λευκωσία,ΚΥΠΡΟΣ,Τράχωνας,Λευκωσία
2532,Λευκωσία,ΚΥΠΡΟΣ,Τραχώνι Κυθρέας,Λευκωσία
2869,Λευκωσία,ΚΥΠΡΟΣ,Τσακκίστρα,Λευκωσία
2480,Λευκωσία,ΚΥΠΡΟΣ,Τσέρι,Λευκωσία
2533,Λευκωσία,ΚΥΠΡΟΣ,Τύμπου,Λευκωσία
2620,Λευκωσία,ΚΥΠΡΟΣ,Φαρμακάς,Λευκωσία
2623,Λευκωσία,ΚΥΠΡΟΣ,Φικάρδου,Λευκωσία
2652,Λευκωσία,ΚΥΠΡΟΣ,Φιλάνι,Λευκωσία
2684,Λευκωσία,ΚΥΠΡΟΣ,Φιλιά,Λευκωσία
2843,Λευκωσία,ΚΥΠΡΟΣ,Φλάσου Κάτω,Λευκωσία
2844,Λευκωσία,ΚΥΠΡΟΣ,Φλάσου Πάνω,Λευκωσία
2758,Λευκωσία,ΚΥΠΡΟΣ,Φτερικούδι,Λευκωσία
2963,Λευκωσία,ΚΥΠΡΟΣ,Χαλλέρι,Λευκωσία
2534,Λευκωσία,ΚΥΠΡΟΣ,Χαμίτ Μάντρες,Λευκωσία
2730,Λευκωσία,ΚΥΠΡΟΣ,Χρυσηλιού,Λευκωσία
2630,Λευκωσία,ΚΥΠΡΟΣ,Ψημολόφου,Λευκωσία
8501,Πάφος,ΚΥΠΡΟΣ,Αγία Βαρβάρα Πάφου,Πάφος
8641,Πάφος,ΚΥΠΡΟΣ,Αγία Μαρίνα Κελοκεδά,Πάφος
8881,Πάφος,ΚΥΠΡΟΣ,Αγία Μαρίνα Χρυσοχού,Πάφος
8240,Πάφος,ΚΥΠΡΟΣ,Αγία Μαρινούδα,Πάφος
8607,Πάφος,ΚΥΠΡΟΣ,Άγιος Γεώργιος Κελοκ,Πάφος
8570,Πάφος,ΚΥΠΡΟΣ,Άγιος Γεώργιος Πέγει,Πάφος
8741,Πάφος,ΚΥΠΡΟΣ,Άγιος Δημητριανός,Πάφος
8872,Πάφος,ΚΥΠΡΟΣ,Άγιος Ισίδωρος,Πάφος
8621,Πάφος,ΚΥΠΡΟΣ,Άγιος Ιωάννης Σαλαμι,Πάφος
8801,Πάφος,ΚΥΠΡΟΣ,Άγιος Μερκούριος,Πάφος
8623,Πάφος,ΚΥΠΡΟΣ,Άγιος Νικόλαος Σαλαμ,Πάφος
8652,Πάφος,ΚΥΠΡΟΣ,Άγιος Φώτιος,Πάφος
8721,Πάφος,ΚΥΠΡΟΣ,Ακουρδάλεια Κάτω,Πάφος
8722,Πάφος,ΚΥΠΡΟΣ,Ακουρδάλεια Πάνω,Πάφος
8572,Πάφος,ΚΥΠΡΟΣ,Ακουρσός,Πάφος
8642,Πάφος,ΚΥΠΡΟΣ,Αμαργέτη,Πάφος
8653,Πάφος,ΚΥΠΡΟΣ,Αμπελίτης,Πάφος
8802,Πάφος,ΚΥΠΡΟΣ,Αναδιού,Πάφος
8502,Πάφος,ΚΥΠΡΟΣ,Αναρίτα,Πάφος
8701,Πάφος,ΚΥΠΡΟΣ,Ανδρολίκου,Πάφος
8521,Πάφος,ΚΥΠΡΟΣ,Αξύλου,Πάφος
8873,Πάφος,ΚΥΠΡΟΣ,Αργάκα,Πάφος
8625,Πάφος,ΚΥΠΡΟΣ,Αρμίνου,Πάφος
8522,Πάφος,ΚΥΠΡΟΣ,Άρμου,Πάφος
8702,Πάφος,ΚΥΠΡΟΣ,Αρόδες Κάτω,Πάφος
8703,Πάφος,ΚΥΠΡΟΣ,Αρόδες Πάνω,Πάφος
8602,Πάφος,ΚΥΠΡΟΣ,Αρχιμανδρίτα Κάτω,Πάφος
8603,Πάφος,ΚΥΠΡΟΣ,Αρχιμανδρίτα Πάνω,Πάφος
8643,Πάφος,ΚΥΠΡΟΣ,Ασπρογιά,Πάφος
8503,Πάφος,ΚΥΠΡΟΣ,Αχέλεια,Πάφος
8644,Πάφος,ΚΥΠΡΟΣ,Βρέτσια,Πάφος
8645,Πάφος,ΚΥΠΡΟΣ,Γαλαταριά,Πάφος
8874,Πάφος,ΚΥΠΡΟΣ,Γιαλιά Κάτω,Πάφος
8875,Πάφος,ΚΥΠΡΟΣ,Γιαλιά Πάνω,Πάφος
8720,Πάφος,ΚΥΠΡΟΣ,Γιόλου,Πάφος
8850,Πάφος,ΚΥΠΡΟΣ,Γουδί,Πάφος
8803,Πάφος,ΚΥΠΡΟΣ,Δασικός Σταθμός Αγιά,Πάφος
8804,Πάφος,ΚΥΠΡΟΣ,Δασικός Σταθμός Σταυ,Πάφος
8700,Πάφος,ΚΥΠΡΟΣ,Δρούσια,Πάφος
8742,Πάφος,ΚΥΠΡΟΣ,Δρύμου,Πάφος
8743,Πάφος,ΚΥΠΡΟΣ,Δρυνιά,Πάφος
8523,Πάφος,ΚΥΠΡΟΣ,Ελεδιό,Πάφος
8250,Πάφος,ΚΥΠΡΟΣ,Έμπα,Πάφος
8524,Πάφος,ΚΥΠΡΟΣ,Επισκοπή Πάφου,Πάφος
8805,Πάφος,ΚΥΠΡΟΣ,Ευρέτου,Πάφος
8806,Πάφος,ΚΥΠΡΟΣ,Ζαχαριά,Πάφος
8723,Πάφος,ΚΥΠΡΟΣ,Θελέτρα,Πάφος
8704,Πάφος,ΚΥΠΡΟΣ,Ίνια,Πάφος
8807,Πάφος,ΚΥΠΡΟΣ,Ιστιντζιόν,Πάφος
8573,Πάφος,ΚΥΠΡΟΣ,Κάθηκας,Πάφος
8541,Πάφος,ΚΥΠΡΟΣ,Καλλέπεια,Πάφος
8746,Πάφος,ΚΥΠΡΟΣ,Κανναβιού,Πάφος
8851,Πάφος,ΚΥΠΡΟΣ,Καραμούλληδες,Πάφος
8626,Πάφος,ΚΥΠΡΟΣ,Κέδαρες,Πάφος
8628,Πάφος,ΚΥΠΡΟΣ,Κελοκέδαρα,Πάφος
8627,Πάφος,ΚΥΠΡΟΣ,Κιδάσι,Πάφος
8574,Πάφος,ΚΥΠΡΟΣ,Κισσόνεργα,Πάφος
8543,Πάφος,ΚΥΠΡΟΣ,Κοίλη,Πάφος
8646,Πάφος,ΚΥΠΡΟΣ,Κοιλίνεια,Πάφος
8575,Πάφος,ΚΥΠΡΟΣ,Κόλπος Κοραλλίων,Πάφος
8310,Πάφος,ΚΥΠΡΟΣ,Κολώνη,Πάφος
8300,Πάφος,ΚΥΠΡΟΣ,Κονιά,Πάφος
8500,Πάφος,ΚΥΠΡΟΣ,Κούκλια,Πάφος
8544,Πάφος,ΚΥΠΡΟΣ,Κούρτακα,Πάφος
8747,Πάφος,ΚΥΠΡΟΣ,Κρήτου Μαρόττου,Πάφος
8724,Πάφος,ΚΥΠΡΟΣ,Κρήτου Τέρρα,Πάφος
8876,Πάφος,ΚΥΠΡΟΣ,Κυνούσα,Πάφος
8647,Πάφος,ΚΥΠΡΟΣ,Λαπηθιού,Πάφος
8740,Πάφος,ΚΥΠΡΟΣ,Λάσα,Πάφος
8840,Πάφος,ΚΥΠΡΟΣ,Λατσί,Πάφος
8878,Πάφος,ΚΥΠΡΟΣ,Λειβάδι,Πάφος
8260,Πάφος,ΚΥΠΡΟΣ,Λέμπα,Πάφος
8545,Πάφος,ΚΥΠΡΟΣ,Λεμώνα,Πάφος
8546,Πάφος,ΚΥΠΡΟΣ,Λετύμβου,Πάφος
8877,Πάφος,ΚΥΠΡΟΣ,Λίμνη,Πάφος
8725,Πάφος,ΚΥΠΡΟΣ,Λουκρούνου,Πάφος
8853,Πάφος,ΚΥΠΡΟΣ,Λουτρά της Αφροδίτης,Πάφος
8509,Πάφος,ΚΥΠΡΟΣ,Λόφοι Αφροδίτης,Πάφος
8800,Πάφος,ΚΥΠΡΟΣ,Λυσός,Πάφος
8571,Πάφος,ΚΥΠΡΟΣ,Μάα,Πάφος
8879,Πάφος,ΚΥΠΡΟΣ,Μακούντα,Πάφος
8622,Πάφος,ΚΥΠΡΟΣ,Μαλούντα Πάφου,Πάφος
8648,Πάφος,ΚΥΠΡΟΣ,Μαμούνταλη,Πάφος
8600,Πάφος,ΚΥΠΡΟΣ,Μαμώνια,Πάφος
8504,Πάφος,ΚΥΠΡΟΣ,Μανδριά Πάφου,Πάφος
8520,Πάφος,ΚΥΠΡΟΣ,Μαραθούντα,Πάφος
8604,Πάφος,ΚΥΠΡΟΣ,Μάρωνας,Πάφος
8808,Πάφος,ΚΥΠΡΟΣ,Μελάδεια,Πάφος
8745,Πάφος,ΚΥΠΡΟΣ,Μελαμιού,Πάφος
8809,Πάφος,ΚΥΠΡΟΣ,Μελάνδρα,Πάφος
8290,Πάφος,ΚΥΠΡΟΣ,Μέσα Χωριό,Πάφος
8631,Πάφος,ΚΥΠΡΟΣ,Μέσανα,Πάφος
8280,Πάφος,ΚΥΠΡΟΣ,Μεσόγη,Πάφος
8744,Πάφος,ΚΥΠΡΟΣ,Μηλιά Πάφου,Πάφος
8726,Πάφος,ΚΥΠΡΟΣ,Μηλιού,Πάφος
8576,Πάφος,ΚΥΠΡΟΣ,Μονή Αγίου Νεοφύτου,Πάφος
8727,Πάφος,ΚΥΠΡΟΣ,Μονή Αγίων Αναργύρων,Πάφος
8649,Πάφος,ΚΥΠΡΟΣ,Μονή Χρυσορρογιάτισσ,Πάφος
8605,Πάφος,ΚΥΠΡΟΣ,Μούσερε,Πάφος
8883,Πάφος,ΚΥΠΡΟΣ,Μυρμιγκώφ,Πάφος
8542,Πάφος,ΚΥΠΡΟΣ,Μωρό Νερό,Πάφος
8525,Πάφος,ΚΥΠΡΟΣ,Νατά,Πάφος
8880,Πάφος,ΚΥΠΡΟΣ,Νέα Δήμματα,Πάφος
8852,Πάφος,ΚΥΠΡΟΣ,Νέο Χωρίο Πάφου,Πάφος
8505,Πάφος,ΚΥΠΡΟΣ,Νικόκλεια,Πάφος
8871,Πάφος,ΚΥΠΡΟΣ,Παλιάμπελα,Πάφος
8548,Πάφος,ΚΥΠΡΟΣ,Παναγιά Κάτω,Πάφος
8640,Πάφος,ΚΥΠΡΟΣ,Παναγιά Πάνω,Πάφος
8560,Πάφος,ΚΥΠΡΟΣ,Πέγεια,Πάφος
8882,Πάφος,ΚΥΠΡΟΣ,Πελαθούσα,Πάφος
8650,Πάφος,ΚΥΠΡΟΣ,Πενταλιά,Πάφος
8624,Πάφος,ΚΥΠΡΟΣ,Πέρα Βάσα,Πάφος
8810,Πάφος,ΚΥΠΡΟΣ,Περιστερώνα Χρυσοχού,Πάφος
8547,Πάφος,ΚΥΠΡΟΣ,Πιταρκού,Πάφος
8705,Πάφος,ΚΥΠΡΟΣ,Πιττοκόπος,Πάφος
8549,Πάφος,ΚΥΠΡΟΣ,Πολέμι,Πάφος
8820,Πάφος,ΚΥΠΡΟΣ,Πόλη Χρυσοχούς,Πάφος
8630,Πάφος,ΚΥΠΡΟΣ,Πραιτώρι,Πάφος
8606,Πάφος,ΚΥΠΡΟΣ,Πραστειό Κελοκεδάρων,Πάφος
8854,Πάφος,ΚΥΠΡΟΣ,Προδρόμι,Πάφος
8870,Πάφος,ΚΥΠΡΟΣ,Πωμός,Πάφος
8620,Πάφος,ΚΥΠΡΟΣ,Σαλαμιού,Πάφος
8814,Πάφος,ΚΥΠΡΟΣ,Σαραμά,Πάφος
8812,Πάφος,ΚΥΠΡΟΣ,Σίμου,Πάφος
8728,Πάφος,ΚΥΠΡΟΣ,Σκούλλη,Πάφος
8506,Πάφος,ΚΥΠΡΟΣ,Σουσκιού,Πάφος
8651,Πάφος,ΚΥΠΡΟΣ,Στατός,Πάφος
8601,Πάφος,ΚΥΠΡΟΣ,Σταυροκόννου,Πάφος
8884,Πάφος,ΚΥΠΡΟΣ,Στενή,Πάφος
8550,Πάφος,ΚΥΠΡΟΣ,Στρουμπί Κάτω,Πάφος
8551,Πάφος,ΚΥΠΡΟΣ,Στρουμπί Πάνω,Πάφος
8577,Πάφος,ΚΥΠΡΟΣ,Τάλα,Πάφος
8729,Πάφος,ΚΥΠΡΟΣ,Τέρρα,Πάφος
8507,Πάφος,ΚΥΠΡΟΣ,Τίμη,Πάφος
8608,Πάφος,ΚΥΠΡΟΣ,Τραχυπέδουλα,Πάφος
8270,Πάφος,ΚΥΠΡΟΣ,Τρεμιθούσα,Πάφος
8813,Πάφος,ΚΥΠΡΟΣ,Τριμιθούσα Χρυσοχούς,Πάφος
8540,Πάφος,ΚΥΠΡΟΣ,Τσάδα,Πάφος
8654,Πάφος,ΚΥΠΡΟΣ,Φάλεια,Πάφος
8706,Πάφος,ΚΥΠΡΟΣ,Φασλί,Πάφος
8609,Πάφος,ΚΥΠΡΟΣ,Φασούλα Κελοκεδάρων,Πάφος
8629,Πάφος,ΚΥΠΡΟΣ,Φιλούσα Κελοκεδάρων,Πάφος
8811,Πάφος,ΚΥΠΡΟΣ,Φιλούσα Χρυσοχούς,Πάφος
8508,Πάφος,ΚΥΠΡΟΣ,Φοίνικας,Πάφος
8748,Πάφος,ΚΥΠΡΟΣ,Φύτη,Πάφος
8510,Πάφος,ΚΥΠΡΟΣ,Χα Ποτάμι,Πάφος
8526,Πάφος,ΚΥΠΡΟΣ,Χολέτρια,Πάφος
8730,Πάφος,ΚΥΠΡΟΣ,Χόλη,Πάφος
8552,Πάφος,ΚΥΠΡΟΣ,Χούλου,Πάφος
8855,Πάφος,ΚΥΠΡΟΣ,Χρυσοχού,Πάφος
8749,Πάφος,ΚΥΠΡΟΣ,Ψαθί,Πάφος